5TH ST & BROADWAY	OAKLAND		CALIFORNIA	 USA			
CLAREMONT AV & HUDSON ST	OAKLAND		CALIFORNIA	 USA	37.843147	-122.2571661	Claremont Avenue & Hudson Street, Claremont Avenue, Temescal, Oakland, Alameda County, California, 94609, United States of America
860 77TH AV	OAKLAND		CALIFORNIA	 USA	37.752079979873	-122.19303599585	860, 77th Avenue, Elmhurst, Oakland, Alameda County, California, 94621, United States of America
860 77TH AV	OAKLAND		CALIFORNIA	 USA	37.752079979873	-122.19303599585	860, 77th Avenue, Elmhurst, Oakland, Alameda County, California, 94621, United States of America
E 10TH ST & 9TH AV	OAKLAND		CALIFORNIA	 USA	37.790870022863	-122.25336992287	E 10th St & 9th Ave, Oakland, California, 94606
27TH ST & MARTIN LUTHER KING JR WY	OAKLAND		CALIFORNIA	 USA	37.817000061188	-122.27162989894	27th St & Martin Luther King Jr Way, Oakland, California, 94612
107TH AV & RUSSETT ST	OAKLAND		CALIFORNIA	 USA			
6TH ST & JACKSON ST	OAKLAND		CALIFORNIA	 USA	37.8040804	-122.2639498	Jackson Street, Lakeside, Oakland, Alameda County, California, 94612, United States of America
800 47TH AV	OAKLAND		CALIFORNIA	 USA	37.767174	-122.215438	800, 47th Avenue, Melrose, Oakland, Alameda County, California, 94601, United States of America
DENNISON ST & EMBARCADERO	OAKLAND		CALIFORNIA	 USA	37.779330028118	-122.24256992445	Dennison St & Embarcadero, Oakland, California, 94606
5TH ST & WEBSTER ST	OAKLAND		CALIFORNIA	 USA	37.797130047249	-122.27267989995	5th St & Webster St, Oakland, California, 94607
47TH AV & SAN LEANDRO ST	OAKLAND		CALIFORNIA	 USA	37.768170026954	-122.21418988994	47th Ave & San Leandro St, Oakland, California, 94601
HIGH ST & MACARTHUR BLVD	OAKLAND		CALIFORNIA	 USA	37.7871677	-122.1949885	High Street & MacArthur Boulevard, High Street, Laurel, Oakland, Alameda County, California, 94619, United States of America
42ND AV & WATTLING ST	OAKLAND		CALIFORNIA	 USA	37.770440055882	-122.21930989168	42nd Ave & Wattling St, Oakland, California, 94601
50TH AV & SAN LEANDRO ST	OAKLAND		CALIFORNIA	 USA	37.766360038783	-122.21212995342	50th Ave & San Leandro St, Oakland, California, 94601
5TH ST & BROADWAY	OAKLAND		CALIFORNIA	 USA	37.798160057421	-122.2750399086	5th St & Broadway, Oakland, California, 94607
CASTRO ST & SAN PABLO AV	OAKLAND		CALIFORNIA	 USA	37.811670050869	-122.27369989374	Castro St & San Pablo Ave, Oakland, California, 94612
9603 INTERNATIONAL BLVD	OAKLAND		CALIFORNIA	 USA	37.7688033	-122.2073943	International Boulevard, Melrose, Oakland, Alameda County, California, 94601, United States of America
5TH ST & KIRKHAM ST	OAKLAND		CALIFORNIA	 USA	37.803520033045	-122.292749948	5th St & Kirkham St, Oakland, California, 94607
E 10TH ST & 2ND AV	OAKLAND		CALIFORNIA	 USA	37.795930052081	-122.25913994119	E 10th St & 2nd Ave, Oakland, California, 94606
E 10TH ST & 2ND AV	OAKLAND		CALIFORNIA	 USA	37.795930052081	-122.25913994119	E 10th St & 2nd Ave, Oakland, California, 94606
12TH ST & LAKE MERRITT BLVD	OAKLAND		CALIFORNIA	 USA	37.799070038739	-122.26190990874	12th St & Lake Merritt Blvd, Oakland, California, 94607
SAN LEANDRO ST & SEMINARY AV	OAKLAND		CALIFORNIA	 USA	37.760880034306	-122.20559994793	San Leandro St & Seminary Ave, Oakland, California, 94621
34TH ST & HOLLIS ST	OAKLAND		CALIFORNIA	 USA	37.825910024264	-122.28409990775	34th St & Hollis St, Emeryville, California, 94608
NORTHGATE AV & SYCAMORE ST	OAKLAND		CALIFORNIA	 USA	37.81542003053	-122.27023992793	Northgate Ave & Sycamore St, Oakland, California, 94612
6TH ST & ALICE ST	OAKLAND		CALIFORNIA	 USA	37.792312744544	-122.2726534649	6, Alice Street, Jack London Square, Oakland, Alameda County, California, 94607, United States of America
6TH ST & WEBSTER ST	OAKLAND		CALIFORNIA	 USA	37.7972411	-122.2728657	Webster Street, Jack London Square, Oakland, Alameda County, California, 94607, United States of America
34TH ST & TELEGRAPH AV	OAKLAND		CALIFORNIA	 USA	37.822470049291	-122.26624989056	34th St & Telegraph Ave, Oakland, California, 94609
EB CLAREMONT OFFRP AV & EB S24	OAKLAND		CALIFORNIA	 USA	37.847489186507	-122.25384862195	Claremont Ave, Oakland, California, 94618
30TH ST & MARTIN LUTHER KING JR WY	OAKLAND		CALIFORNIA	 USA	37.819650041787	-122.27095993341	30th St & Martin Luther King Jr Way, Oakland, California, 94609
6TH ST & WEBSTER ST	OAKLAND		CALIFORNIA	 USA	37.7972411	-122.2728657	Webster Street, Jack London Square, Oakland, Alameda County, California, 94607, United States of America
3505 BROADWAY	OAKLAND		CALIFORNIA	 USA	37.8002678	-122.2736733	Broadway, Old Oakland Historic District, Oakland, Alameda County, California, 94607, United States of America
7TH ST & WEBSTER ST	OAKLAND		CALIFORNIA	 USA	37.79856004184	-122.27178990947	7th St & Webster St, Oakland, California, 94607
4TH ST & WEBSTER ST	OAKLAND		CALIFORNIA	 USA	37.796480030658	-122.27310989158	4th St & Webster St, Oakland, California, 94607
42ND AV & INTERNATIONAL BLVD	OAKLAND		CALIFORNIA	 USA	37.772960033162	-122.21613993971	42nd Ave & International Blvd, Oakland, California, 94601
7TH ST & WEBSTER ST	OAKLAND		CALIFORNIA	 USA	37.79856004184	-122.27178990947	7th St & Webster St, Oakland, California, 94607
6TH ST & WEBSTER ST	OAKLAND		CALIFORNIA	 USA	37.7972411	-122.2728657	Webster Street, Jack London Square, Oakland, Alameda County, California, 94607, United States of America
2756 MARTIN LUTHER KING JR WY	OAKLAND		CALIFORNIA	 USA	37.81752799536	-122.27120996559	2756 Martin Luther King Jr Way, Oakland, California, 94612
W GRAND AV & MARITIME ST	OAKLAND		CALIFORNIA	 USA	37.822640034288	-122.30041989232	W Grand Ave & Maritime St, Oakland, California, 94607
W GRAND AV & MARITIME ST	OAKLAND		CALIFORNIA	 USA	37.822640034288	-122.30041989232	W Grand Ave & Maritime St, Oakland, California, 94607
630 HIGH ST	OAKLAND		CALIFORNIA	 USA	37.7674874	-122.2205634	Shell, 630, High Street, Fruitvale, Oakland, Alameda County, California, 94601, United States of America
47TH AV & BANCROFT AV	OAKLAND		CALIFORNIA	 USA	37.771770054368	-122.20976994476	47th Ave & Bancroft Ave, Oakland, California, 94601
45TH AV & BANCROFT AV	OAKLAND		CALIFORNIA	 USA	37.772630037634	-122.21197991735	45th Ave & Bancroft Ave, Oakland, California, 94601
E 7TH ST & FRUITVALE AV	OAKLAND		CALIFORNIA	 USA	37.772190029627	-122.2283799491	E 7th St & Fruitvale Ave, Oakland, California, 94601
HAWTHORNE AV & SUMMIT ST	OAKLAND		CALIFORNIA	 USA	37.82095003306	-122.26416992129	Hawthorne Ave & Summit St, Oakland, California, 94609
34TH ST & WEBSTER ST	OAKLAND		CALIFORNIA	 USA	37.822060048497	-122.26192994149	34th St & Webster St, Oakland, California, 94609
7TH ST & BRUSH ST	OAKLAND		CALIFORNIA	 USA	37.802290030663	-122.28131988192	7th St & Brush St, Oakland, California, 94607
W GRAND AV & MARTIN LUTHER KING JR WY	OAKLAND		CALIFORNIA	 USA	37.812480036082	-122.27277989605	W Grand Ave & Martin Luther King Jr Way, Oakland, California, 94612
W GRAND AV & MARTIN LUTHER KING JR WY	OAKLAND		CALIFORNIA	 USA	37.812480036082	-122.27277989605	W Grand Ave & Martin Luther King Jr Way, Oakland, California, 94612
37TH ST & MARTIN LUTHER KING JR WY	OAKLAND		CALIFORNIA	 USA	37.826290059754	-122.26928992303	37th St & Martin Luther King Jr Way, Oakland, California, 94609
171 8TH ST	OAKLAND		CALIFORNIA	 USA	37.797590553132	-122.26740158189	171, 8th Street, Chinatown, Oakland, Alameda County, California, 94607, United States of America
ALAMEDA AV & FRUITVALE AV	OAKLAND		CALIFORNIA	 USA	37.7680722	-122.2210434	Alameda Avenue, Fruitvale, Oakland, Alameda County, California, 94601, United States of America
7TH ST & KIRKHAM ST	OAKLAND		CALIFORNIA	 USA	37.804720028213	-122.29232993084	7th St & Kirkham St, Oakland, California, 94607
11143 ROBLEDO DR	OAKLAND		CALIFORNIA	 USA	37.728889045266	-122.17242245782	11143, Robledo Drive, Brookfield Village, Oakland, Alameda County, California, 94603, United States of America
82ND AV & RUDSDALE ST	OAKLAND		CALIFORNIA	 USA	37.752770040069	-122.18454988775	82nd Ave & Rudsdale St, Oakland, California, 94621
E 8TH ST & E 9TH ST	OAKLAND		CALIFORNIA	 USA	37.77274606821	-122.22656116057	E 8th St & E 9th St, Oakland, California, 94601
ROYAL ST & SAN LEANDRO ST	OAKLAND		CALIFORNIA	 USA	37.732770022812	-122.17138988067	Royal St & San Leandro St, Oakland, California, 94603
12TH ST & LAKE MERRITT BLVD	OAKLAND		CALIFORNIA	 USA	37.799070038739	-122.26190990874	12th St & Lake Merritt Blvd, Oakland, California, 94607
98TH AV & B ST	OAKLAND		CALIFORNIA	 USA	37.7427213	-122.1741936	98th Avenue & B Street, 98th Avenue, Arcadia Park, Oakland, Alameda County, California, 94621, United States of America
66TH AV & SAN LEANDRO ST	OAKLAND		CALIFORNIA	 USA	37.756810033581	-122.20077993451	66th Ave & San Leandro St, Oakland, California, 94621
35TH ST & MARTIN LUTHER KING JR WY	OAKLAND		CALIFORNIA	 USA	37.82414005968	-122.26982988523	35th St & Martin Luther King Jr Way, Oakland, California, 94609
HARRISON ST & MACARTHUR BLVD	OAKLAND		CALIFORNIA	 USA	37.819850033997	-122.25412991003	Harrison St & MacArthur Blvd, Oakland, California, 94611
54TH AV & SAN LEANDRO ST	OAKLAND		CALIFORNIA	 USA	37.7642800276	-122.20963994144	54th Ave & San Leandro St, Oakland, California, 94601
CLAREMONT AV & HUDSON ST	OAKLAND		CALIFORNIA	 USA	37.843147	-122.2571661	Claremont Avenue & Hudson Street, Claremont Avenue, Temescal, Oakland, Alameda County, California, 94609, United States of America
11TH ST & BRUSH ST	OAKLAND		CALIFORNIA	 USA	37.8052283	-122.2802435	11th Street & Brush Street, 11th Street, Old Oakland Historic District, Oakland, Alameda County, California, 94607, United States of America
DENNISON ST & EMBARCADERO	OAKLAND		CALIFORNIA	 USA	37.779330028118	-122.24256992445	Dennison St & Embarcadero, Oakland, California, 94606
CASTRO ST & SAN PABLO AV	OAKLAND		CALIFORNIA	 USA	37.811670050869	-122.27369989374	Castro St & San Pablo Ave, Oakland, California, 94612
12TH ST & BRUSH ST	OAKLAND		CALIFORNIA	 USA	37.805880041703	-122.27946991207	12th St & Brush St, Oakland, California, 94607
54TH AV & SAN LEANDRO ST	OAKLAND		CALIFORNIA	 USA	37.7642800276	-122.20963994144	54th Ave & San Leandro St, Oakland, California, 94601
34TH ST & TELEGRAPH AV	OAKLAND		CALIFORNIA	 USA	37.822470049291	-122.26624989056	34th St & Telegraph Ave, Oakland, California, 94609
25TH ST & NORTHGATE AV	OAKLAND		CALIFORNIA	 USA	37.814680034208	-122.27031989129	25th St & Northgate Ave, Oakland, California, 94612
105TH AV & SAN LEANDRO ST	OAKLAND		CALIFORNIA	 USA			
8451 SAN LEANDRO ST	OAKLAND		CALIFORNIA	 USA	37.74706535	-122.19065205277	Pick-N-Pull, 8451, San Leandro Street, Melrose, Oakland, Alameda County, California, 94621, United States of America
54TH AV & SAN LEANDRO ST	OAKLAND		CALIFORNIA	 USA	37.7642800276	-122.20963994144	54th Ave & San Leandro St, Oakland, California, 94601
6TH ST & FRANKLIN ST	OAKLAND		CALIFORNIA	 USA	37.794281166667	-122.27587570833	6, Franklin Street, Jack London Square, Oakland, Alameda County, California, 94607, United States of America
23RD ST & MARTIN LUTHER KING JR WY	OAKLAND		CALIFORNIA	 USA	37.813260055991	-122.27254989663	23rd St & Martin Luther King Jr Way, Oakland, California, 94612
47TH AV & SAN LEANDRO ST	OAKLAND		CALIFORNIA	 USA	37.768170026954	-122.21418988994	47th Ave & San Leandro St, Oakland, California, 94601
66TH AV & COLISEUM WY	OAKLAND		CALIFORNIA	 USA	37.7552031	-122.2052224	66th Avenue & Coliseum Way, 66th Avenue, Melrose, Oakland, Alameda County, California, 94621, United States of America
600 HARRISON ST	OAKLAND		CALIFORNIA	 USA	37.797353	-122.270993	600, Harrison Street, Chinatown, Oakland, Alameda County, California, 94612, United States of America
36TH ST & MARTIN LUTHER KING JR WY	OAKLAND		CALIFORNIA	 USA	37.825080048211	-122.26958991134	36th St & Martin Luther King Jr Way, Oakland, California, 94609
275 7TH ST	OAKLAND		CALIFORNIA	 USA	37.798096	-122.270836	275, 7th Street, Chinatown, Oakland, Alameda County, California, 94607, United States of America
NORTHGATE AV & SYCAMORE ST	OAKLAND		CALIFORNIA	 USA	37.81542003053	-122.27023992793	Northgate Ave & Sycamore St, Oakland, California, 94612
36TH ST & MARKET ST	OAKLAND		CALIFORNIA	 USA	37.8264491	-122.2756352	36th Street, Hoover-Foster, Oakland, Alameda County, California, 94608, United States of America
2100 EMBARCADERO	OAKLAND		CALIFORNIA	 USA	37.77998142344	-122.24257642169	2100, Embarcadero, Jingletown, Oakland, Alameda County, California, 94606, United States of America
1995 EMBARCADERO	OAKLAND		CALIFORNIA	 USA	37.783791437521	-122.24328254167	1995, Embarcadero, San Antonio, Oakland, Alameda County, California, 94606, United States of America
12TH ST & LAKE MERRITT BLVD	OAKLAND		CALIFORNIA	 USA	37.799070038739	-122.26190990874	12th St & Lake Merritt Blvd, Oakland, California, 94607
34TH ST & WOOD ST	OAKLAND		CALIFORNIA	 USA			
5TH ST & BROADWAY	OAKLAND		CALIFORNIA	 USA	37.798160057421	-122.2750399086	5th St & Broadway, Oakland, California, 94607
3601 TELEGRAPH AV	OAKLAND		CALIFORNIA	 USA	37.8372721	-122.2623213	Telegraph Avenue, Temescal, Oakland, Alameda County, California, 94609, United States of America
1925 BRUSH ST	OAKLAND		CALIFORNIA	 USA	37.8129958	-122.2746758	Brush Street, San Pablo Gateway, Oakland, Alameda County, California, 94612-2202, United States of America
85TH AV & SAN LEANDRO ST	OAKLAND		CALIFORNIA	 USA	37.747000021742	-122.18907988732	85th Ave & San Leandro St, Oakland, California, 94621
DENNISON ST & EMBARCADERO	OAKLAND		CALIFORNIA	 USA	37.779330028118	-122.24256992445	Dennison St & Embarcadero, Oakland, California, 94606
2100 EMBARCADERO	OAKLAND		CALIFORNIA	 USA	37.77998142344	-122.24257642169	2100, Embarcadero, Jingletown, Oakland, Alameda County, California, 94606, United States of America
6TH ST & WEBSTER ST	OAKLAND		CALIFORNIA	 USA	37.7972411	-122.2728657	Webster Street, Jack London Square, Oakland, Alameda County, California, 94607, United States of America
29TH ST & TELEGRAPH AV	OAKLAND		CALIFORNIA	 USA	37.818220047196	-122.26739988768	29th St & Telegraph Ave, Oakland, California, 94609
47TH AV & SAN LEANDRO ST	OAKLAND		CALIFORNIA	 USA	37.768170026954	-122.21418988994	47th Ave & San Leandro St, Oakland, California, 94601
7TH ST & BRUSH ST	OAKLAND		CALIFORNIA	 USA	37.802290030663	-122.28131988192	7th St & Brush St, Oakland, California, 94607
23RD ST & MARTIN LUTHER KING JR WY	OAKLAND		CALIFORNIA	 USA	37.813260055991	-122.27254989663	23rd St & Martin Luther King Jr Way, Oakland, California, 94612
36TH ST & MARTIN LUTHER KING JR WY	OAKLAND		CALIFORNIA	 USA	37.825080048211	-122.26958991134	36th St & Martin Luther King Jr Way, Oakland, California, 94609
E 12TH ST & 16TH AV	OAKLAND		CALIFORNIA	 USA	37.7921407	-122.2514854	East 12th Street, San Antonio, Oakland, Alameda County, California, 94606-3636, United States of America
34TH ST & TELEGRAPH AV	OAKLAND		CALIFORNIA	 USA	37.822470049291	-122.26624989056	34th St & Telegraph Ave, Oakland, California, 94609
ALAMEDA AV & HIGH ST	OAKLAND		CALIFORNIA	 USA	37.7695065	-122.2296357	Alameda Avenue, Oakland, Alameda County, California, 94601, United States of America
34TH ST & TELEGRAPH AV	OAKLAND		CALIFORNIA	 USA	37.822470049291	-122.26624989056	34th St & Telegraph Ave, Oakland, California, 94609
23RD ST & BRUSH ST	OAKLAND		CALIFORNIA	 USA	37.813330044883	-122.27442995751	23rd St & Brush St, Oakland, California, 94612
HOLLIS ST & W MACARTHUR BLVD	OAKLAND		CALIFORNIA	 USA	37.82762005824	-122.28461992102	Hollis St & W MacArthur Blvd, Emeryville, California, 94608
7TH ST & BRUSH ST	OAKLAND		CALIFORNIA	 USA	37.802290030663	-122.28131988192	7th St & Brush St, Oakland, California, 94607
2000 DENNISON ST	OAKLAND		CALIFORNIA	 USA	37.779513406225	-122.2414181126	2000, Dennison Street, Jingletown, Oakland, Alameda County, California, 94606, United States of America
85TH AV & SAN LEANDRO ST	OAKLAND		CALIFORNIA	 USA	37.747000021742	-122.18907988732	85th Ave & San Leandro St, Oakland, California, 94621
900 FALLON ST	OAKLAND		CALIFORNIA	 USA	37.797243	-122.263706	900, Fallon Street, Civic Center, Oakland, Alameda County, California, 94607, United States of America
7TH ST & BRUSH ST	OAKLAND		CALIFORNIA	 USA	37.802290030663	-122.28131988192	7th St & Brush St, Oakland, California, 94607
8511 SAN LEANDRO ST	OAKLAND		CALIFORNIA	 USA	37.7722695	-122.2205966	San Leandro Street, Fruitvale, Oakland, Alameda County, California, 94601, United States of America
E 12TH ST & 19TH AV	OAKLAND		CALIFORNIA	 USA	37.7921407	-122.2514854	East 12th Street, San Antonio, Oakland, Alameda County, California, 94606-3636, United States of America
85TH AV & SAN LEANDRO ST	OAKLAND		CALIFORNIA	 USA	37.747000021742	-122.18907988732	85th Ave & San Leandro St, Oakland, California, 94621
7TH ST & ALICE ST	OAKLAND		CALIFORNIA	 USA	37.7976045	-122.2695959	7th Street & Alice Street, 7th Street, Chinatown, Oakland, Alameda County, California, 94607, United States of America
34TH ST & WEBSTER ST	OAKLAND		CALIFORNIA	 USA	37.822060048497	-122.26192994149	34th St & Webster St, Oakland, California, 94609
1577 BEACH ST	OAKLAND		CALIFORNIA	 USA	37.8278341	-122.2909354	Beach Street, Golden Gate, Oakland, Alameda County, California, 94608, United States of America
ALAMEDA AV & FRUITVALE AV	OAKLAND		CALIFORNIA	 USA	37.7680722	-122.2210434	Alameda Avenue, Fruitvale, Oakland, Alameda County, California, 94601, United States of America
MARTIN LUTHER KING JR WY & SYCAMORE ST	OAKLAND		CALIFORNIA	 USA	37.815650029953	-122.27196995275	Martin Luther King Jr Way & Sycamore St, Oakland, California, 94612
7TH ST & MARKET ST	OAKLAND		CALIFORNIA	 USA	37.8025967	-122.2824617	7th Street & Market Street, 7th Street, Old Oakland Historic District, Oakland, Alameda County, California, 94607, United States of America
7TH ST & BRUSH ST	OAKLAND		CALIFORNIA	 USA	37.802290030663	-122.28131988192	7th St & Brush St, Oakland, California, 94607
7TH ST & BRUSH ST	OAKLAND		CALIFORNIA	 USA	37.802290030663	-122.28131988192	7th St & Brush St, Oakland, California, 94607
85TH AV & SAN LEANDRO ST	OAKLAND		CALIFORNIA	 USA	37.747000021742	-122.18907988732	85th Ave & San Leandro St, Oakland, California, 94621
29TH AV & SB I880	OAKLAND		CALIFORNIA	 USA	37.775110033236	-122.23337992198	29th Ave & I-880 N, Oakland, California, 94601
SB 23RD OFFRP AV & SB I880	OAKLAND		CALIFORNIA	 USA	37.777950031579	-122.23717994161	23rd Ave & I-880 N, Oakland, California, 94606
E 12TH ST & 19TH AV	OAKLAND		CALIFORNIA	 USA	37.7921407	-122.2514854	East 12th Street, San Antonio, Oakland, Alameda County, California, 94606-3636, United States of America
WB 12TH/14TH OFFRP ST & WB I980	OAKLAND		CALIFORNIA	 USA	37.805500048122	-122.27853993991	12th St & I-980 E, Oakland, California, 94607
23RD ST & MARTIN LUTHER KING JR WY	OAKLAND		CALIFORNIA	 USA			
11TH ST & BRUSH ST	OAKLAND		CALIFORNIA	 USA	37.8052283	-122.2802435	11th Street & Brush Street, 11th Street, Old Oakland Historic District, Oakland, Alameda County, California, 94607, United States of America
GRAND AV & HARRISON ST	OAKLAND		CALIFORNIA	 USA	37.8108208	-122.2626986	Grand Avenue & Harrison Street, Grand Avenue, Financial District, Oakland, Alameda County, California, 94612, United States of America
GRAND AV & HARRISON ST	OAKLAND		CALIFORNIA	 USA	37.8108208	-122.2626986	Grand Avenue & Harrison Street, Grand Avenue, Financial District, Oakland, Alameda County, California, 94612, United States of America
6TH ST & WEBSTER ST	OAKLAND		CALIFORNIA	 USA	37.7972411	-122.2728657	Webster Street, Jack London Square, Oakland, Alameda County, California, 94607, United States of America
6TH ST & ALICE ST	OAKLAND		CALIFORNIA	 USA	37.792312744544	-122.2726534649	6, Alice Street, Jack London Square, Oakland, Alameda County, California, 94607, United States of America
136 E 12TH ST	OAKLAND		CALIFORNIA	 USA	37.800085499407	-122.26453584472	136, 12th Street, Civic Center, Oakland, Alameda County, California, 94607, United States of America
3250 LAKESHORE AV	OAKLAND		CALIFORNIA	 USA	37.810716381453	-122.24457370978	3250, Lakeshore Avenue, Lakeshore, Oakland, Alameda County, California, 94610, United States of America
550 SYCAMORE ST	OAKLAND		CALIFORNIA	 USA	37.815324295455	-122.26934613636	550, Sycamore Street, Northgate / Koreatown, Oakland, Alameda County, California, 94612, United States of America
E 17TH ST & 62ND AV	OAKLAND		CALIFORNIA	 USA	37.765020023922	-122.1956798817	E 17th St & 62nd Ave, Oakland, California, 94621
5TH ST & ADELINE ST	OAKLAND		CALIFORNIA	 USA	37.802580044513	-122.28862990732	5th St & Adeline St, Oakland, California, 94607
NB I880 & JACKSON ST	OAKLAND		CALIFORNIA	 USA	37.796210049557	-122.26885993139	I-880 N & Jackson St, Oakland, California, 94607
11TH ST & PINE ST	OAKLAND		CALIFORNIA	 USA	37.7993311	-122.2651016	11th Street, Civic Center, Oakland, Alameda County, California, 94612, United States of America
E 12TH ST & LAKE MERRITT BLVD	OAKLAND		CALIFORNIA	 USA	37.798270027991	-122.25820988522	E 12th St & Lake Merritt Blvd, Oakland, California, 94606
50TH AV & SAN LEANDRO ST	OAKLAND		CALIFORNIA	 USA	37.766360038783	-122.21212995342	50th Ave & San Leandro St, Oakland, California, 94601
132 E 12TH ST	OAKLAND		CALIFORNIA	 USA	37.800056796612	-122.26445941024	132, 12th Street, Civic Center, Oakland, Alameda County, California, 94607, United States of America
7TH ST & BRUSH ST	OAKLAND		CALIFORNIA	 USA	37.802290030663	-122.28131988192	7th St & Brush St, Oakland, California, 94607
2020 BRUSH ST	OAKLAND		CALIFORNIA	 USA	37.811393408163	-122.275613	2020, Brush Street, San Pablo Gateway, Oakland, Alameda County, California, 94612, United States of America
HIGH ST & NB I880	OAKLAND		CALIFORNIA	 USA	37.768380035538	-122.22012989326	High St & I-880 N, Oakland, California, 94601
66TH AV & NB I880	OAKLAND		CALIFORNIA	 USA	37.753960060772	-122.20796993105	66th Ave & I-880 N, Oakland, California, 94621
34TH ST & MARTIN LUTHER KING JR WY	OAKLAND		CALIFORNIA	 USA	37.823370056145	-122.27002987744	34th St & Martin Luther King Jr Way, Oakland, California, 94609
5TH ST & JACKSON ST	OAKLAND		CALIFORNIA	 USA	37.795790032389	-122.26908993082	5th St & Jackson St, Oakland, California, 94607
37TH ST & MARTIN LUTHER KING JR WY	OAKLAND		CALIFORNIA	 USA	37.826290059754	-122.26928992303	37th St & Martin Luther King Jr Way, Oakland, California, 94609
E 12TH ST & 19TH AV	OAKLAND		CALIFORNIA	 USA	37.7921407	-122.2514854	East 12th Street, San Antonio, Oakland, Alameda County, California, 94606-3636, United States of America
11TH ST & BRUSH ST	OAKLAND		CALIFORNIA	 USA	37.8052283	-122.2802435	11th Street & Brush Street, 11th Street, Old Oakland Historic District, Oakland, Alameda County, California, 94607, United States of America
790 54TH AV	OAKLAND		CALIFORNIA	 USA	37.763909496683	-122.21001669179	790, 54th Avenue, Melrose, Oakland, Alameda County, California, 94601, United States of America
24TH ST & UNION ST	OAKLAND		CALIFORNIA	 USA	37.81765003587	-122.28553991871	24th St & Union St, Oakland, California, 94607
6TH ST & BROADWAY	OAKLAND		CALIFORNIA	 USA	37.795227571429	-122.27704864286	6, Broadway, Jack London Square, Oakland, Alameda County, California, 94612, United States of America
E 8TH ST & FRUITVALE AV	OAKLAND		CALIFORNIA	 USA	37.772920051484	-122.22808993525	E 8th St & Fruitvale Ave, Oakland, California, 94601
6TH ST & ALICE ST	OAKLAND		CALIFORNIA	 USA	37.792312744544	-122.2726534649	6, Alice Street, Jack London Square, Oakland, Alameda County, California, 94607, United States of America
575 INDEPENDENT RD	OAKLAND		CALIFORNIA	 USA	37.754998022803	-122.20826479278	575, Independent Road, Melrose, Oakland, Alameda County, California, 94621, United States of America
E 12TH ST & 1ST AV	OAKLAND		CALIFORNIA	 USA	37.798270027991	-122.25820988522	E 12th St & 1st Ave, Oakland, California, 94606
COLISEUM WY & NB HIGH OFFRP ST	OAKLAND		CALIFORNIA	 USA	37.768510038857	-122.2199499338	Coliseum Way & High St, Oakland, California, 94601
NORTHGATE AV & SYCAMORE ST	OAKLAND		CALIFORNIA	 USA	37.81542003053	-122.27023992793	Northgate Ave & Sycamore St, Oakland, California, 94612
6TH ST & MADISON ST	OAKLAND		CALIFORNIA	 USA	37.7968069	-122.2670203	Madison Street, Civic Center, Oakland, Alameda County, California, 94607, United States of America
7TH ST & HARRISON ST	OAKLAND		CALIFORNIA	 USA	37.7980988	-122.2708439	7th Street & Harrison Street, 7th Street, Chinatown, Oakland, Alameda County, California, 94607, United States of America
47TH AV & SAN LEANDRO ST	OAKLAND		CALIFORNIA	 USA	37.768170026954	-122.21418988994	47th Ave & San Leandro St, Oakland, California, 94601
COLISEUM WY & HIGH ST	OAKLAND		CALIFORNIA	 USA	37.7669739	-122.2188396	Coliseum Way, Fruitvale, Oakland, Alameda County, California, 94601, United States of America
E 12TH ST & 29TH AV	OAKLAND		CALIFORNIA	 USA	37.778050027684	-122.2302798751	E 12th St & 29th Ave, Oakland, California, 94601
E 12TH ST & 22ND AV	OAKLAND		CALIFORNIA	 USA	37.783740040745	-122.23862992704	E 12th St & 22nd Ave, Oakland, California, 94606
E 12TH ST & 23RD AV	OAKLAND		CALIFORNIA	 USA	37.783610037427	-122.23870989039	E 12th St & 23rd Ave, Oakland, California, 94606
E 12TH ST & 19TH AV	OAKLAND		CALIFORNIA	 USA	37.7921407	-122.2514854	East 12th Street, San Antonio, Oakland, Alameda County, California, 94606-3636, United States of America
6TH ST & JACKSON ST	OAKLAND		CALIFORNIA	 USA	37.8040804	-122.2639498	Jackson Street, Lakeside, Oakland, Alameda County, California, 94612, United States of America
200 105TH AV	OAKLAND		CALIFORNIA	 USA	37.725639	-122.182343	200, 105th Avenue, Brookfield Village, Oakland, Alameda County, California, 94603, United States of America
34TH ST & SAN PABLO AV	OAKLAND		CALIFORNIA	 USA	37.825150037103	-122.27803987557	34th St & San Pablo Ave, Emeryville, California, 94608
7TH ST & BRUSH ST	OAKLAND		CALIFORNIA	 USA	37.802290030663	-122.28131988192	7th St & Brush St, Oakland, California, 94607
GRAND AV & HARRISON ST	OAKLAND		CALIFORNIA	 USA	37.8108208	-122.2626986	Grand Avenue & Harrison Street, Grand Avenue, Financial District, Oakland, Alameda County, California, 94612, United States of America
7200 SAN LEANDRO ST	OAKLAND		CALIFORNIA	 USA	37.7722695	-122.2205966	San Leandro Street, Fruitvale, Oakland, Alameda County, California, 94601, United States of America
E 12TH ST & 26TH AV	OAKLAND		CALIFORNIA	 USA	37.780330031077	-122.23362995416	E 12th St & 26th Ave, Oakland, California, 94601
37TH ST & MARTIN LUTHER KING JR WY	OAKLAND		CALIFORNIA	 USA	37.826290059754	-122.26928992303	37th St & Martin Luther King Jr Way, Oakland, California, 94609
1710 E 12TH ST	OAKLAND		CALIFORNIA	 USA	37.786822017892	-122.2436854322	1710, East 12th Street, San Antonio, Oakland, Alameda County, California, 94606, United States of America
5TH ST & BROADWAY	OAKLAND		CALIFORNIA	 USA	37.798160057421	-122.2750399086	5th St & Broadway, Oakland, California, 94607
34TH ST & TELEGRAPH AV	OAKLAND		CALIFORNIA	 USA	37.822470049291	-122.26624989056	34th St & Telegraph Ave, Oakland, California, 94609
W GRAND AV & MARTIN LUTHER KING JR WY	OAKLAND		CALIFORNIA	 USA	37.812480036082	-122.27277989605	W Grand Ave & Martin Luther King Jr Way, Oakland, California, 94612
24TH ST & MARTIN LUTHER KING JR WY	OAKLAND		CALIFORNIA	 USA	37.814250042576	-122.2723198972	24th St & Martin Luther King Jr Way, Oakland, California, 94612
8451 SAN LEANDRO ST	OAKLAND		CALIFORNIA	 USA	37.74706535	-122.19065205277	Pick-N-Pull, 8451, San Leandro Street, Melrose, Oakland, Alameda County, California, 94621, United States of America
E 12TH ST & 19TH AV	OAKLAND		CALIFORNIA	 USA	37.7921407	-122.2514854	East 12th Street, San Antonio, Oakland, Alameda County, California, 94606-3636, United States of America
E 12TH ST & 19TH AV	OAKLAND		CALIFORNIA	 USA	37.7921407	-122.2514854	East 12th Street, San Antonio, Oakland, Alameda County, California, 94606-3636, United States of America
E 12TH ST & 19TH AV	OAKLAND		CALIFORNIA	 USA	37.7921407	-122.2514854	East 12th Street, San Antonio, Oakland, Alameda County, California, 94606-3636, United States of America
HOLLIS ST & W MACARTHUR BLVD	OAKLAND		CALIFORNIA	 USA	37.82762005824	-122.28461992102	Hollis St & W MacArthur Blvd, Emeryville, California, 94608
37TH AV & E 9TH ST	OAKLAND		CALIFORNIA	 USA	37.77193002299	-122.22347988851	37th Ave & E 9th St, Oakland, California, 94601
44TH ST & MARTIN LUTHER KING JR WY	OAKLAND		CALIFORNIA	 USA	37.832890054133	-122.26763994539	44th St & Martin Luther King Jr Way, Oakland, California, 94609
25TH ST & NORTHGATE AV	OAKLAND		CALIFORNIA	 USA	37.814680034208	-122.27031989129	25th St & Northgate Ave, Oakland, California, 94612
11TH ST & BRUSH ST	OAKLAND		CALIFORNIA	 USA	37.8052283	-122.2802435	11th Street & Brush Street, 11th Street, Old Oakland Historic District, Oakland, Alameda County, California, 94607, United States of America
11TH ST & BRUSH ST	OAKLAND		CALIFORNIA	 USA	37.8052283	-122.2802435	11th Street & Brush Street, 11th Street, Old Oakland Historic District, Oakland, Alameda County, California, 94607, United States of America
E 12TH ST & 18TH AV	OAKLAND		CALIFORNIA	 USA	37.786290025239	-122.24283990555	E 12th St & 18th Ave, Oakland, California, 94606
1801 14TH ST	OAKLAND		CALIFORNIA	 USA	37.814171	-122.299712	1801, 14th Street, Lower Bottoms, Oakland, Alameda County, California, 94607, United States of America
34TH ST & WOOD ST	OAKLAND		CALIFORNIA	 USA	37.824570051313	-122.2906398877	34th St & Wood St, Emeryville, California, 94608
COOLIDGE AV & EB I580	OAKLAND		CALIFORNIA	 USA	37.796660032029	-122.21059992081	Coolidge Ave & I-580 W, Oakland, California, 94602
36TH ST & WEBSTER ST	OAKLAND		CALIFORNIA	 USA	37.823790031403	-122.26200990484	36th St & Webster St, Oakland, California, 94609
5TH ST & NB I880	OAKLAND		CALIFORNIA	 USA	37.803030026985	-122.28910993891	5th St & I-880 N, Oakland, California, 94607
1900 E 12TH ST	OAKLAND		CALIFORNIA	 USA	37.7856814	-122.24129715468	American Emperor, 1900, East 12th Street, San Antonio, Oakland, Alameda County, California, 94606-3636, United States of America
4701 SAN LEANDRO ST	OAKLAND		CALIFORNIA	 USA	37.767979	-122.214131	4701, San Leandro Street, Melrose, Oakland, Alameda County, California, 94601, United States of America
3600 MARTIN LUTHER KING JR WY	OAKLAND		CALIFORNIA	 USA	37.825593307118	-122.26940319613	3600 Martin Luther King Jr Way, Oakland, California, 94609
51ST ST & MARTIN LUTHER KING JR WY	OAKLAND		CALIFORNIA	 USA	37.836430025211	-122.26774991596	51st St & Martin Luther King Jr Way, Oakland, California, 94609
3400 TELEGRAPH AV	OAKLAND		CALIFORNIA	 USA	37.8227363	-122.26550250755	Walgreens, 3400, Telegraph Avenue, Mosswood, Oakland, Alameda County, California, 94609, United States of America
E 12TH ST & 1ST AV	OAKLAND		CALIFORNIA	 USA	37.798270027991	-122.25820988522	E 12th St & 1st Ave, Oakland, California, 94606
98TH AV & B ST	OAKLAND		CALIFORNIA	 USA	37.7427213	-122.1741936	98th Avenue & B Street, 98th Avenue, Arcadia Park, Oakland, Alameda County, California, 94621, United States of America
17TH ST & WOOD ST	OAKLAND		CALIFORNIA	 USA	37.815340025264	-122.2961799066	17th St & Wood St, Oakland, California, 94607
34TH ST & TELEGRAPH AV	OAKLAND		CALIFORNIA	 USA	37.822470049291	-122.26624989056	34th St & Telegraph Ave, Oakland, California, 94609
12TH ST & UNION ST	OAKLAND		CALIFORNIA	 USA	37.808580062263	-122.28884993228	12th St & Union St, Oakland, California, 94607
NORTHGATE AV & SYCAMORE ST	OAKLAND		CALIFORNIA	 USA	37.81542003053	-122.27023992793	Northgate Ave & Sycamore St, Oakland, California, 94612
1700 E 12TH ST	OAKLAND		CALIFORNIA	 USA	37.811996	-122.299007	1700, 12th Street, Lower Bottoms, Oakland, Alameda County, California, 94607, United States of America
E 12TH ST & LAKE MERRITT BLVD	OAKLAND		CALIFORNIA	 USA	37.798270027991	-122.25820988522	E 12th St & Lake Merritt Blvd, Oakland, California, 94606
21ST ST & BRUSH ST	OAKLAND		CALIFORNIA	 USA	37.811700058082	-122.27548993299	21st St & Brush St, Oakland, California, 94612
23RD ST & MARTIN LUTHER KING JR WY	OAKLAND		CALIFORNIA	 USA	37.813260055991	-122.27254989663	23rd St & Martin Luther King Jr Way, Oakland, California, 94612
E 12TH ST & LAKE MERRITT BLVD	OAKLAND		CALIFORNIA	 USA	37.798270027991	-122.25820988522	E 12th St & Lake Merritt Blvd, Oakland, California, 94606
HIGH ST & HOWARD ST	OAKLAND		CALIFORNIA	 USA	37.7662133	-122.2212913	Howard Street, Oakland, Alameda County, California, 94601, United States of America
12TH ST & BRUSH ST	OAKLAND		CALIFORNIA	 USA	37.805880041703	-122.27946991207	12th St & Brush St, Oakland, California, 94607
BROADWAY & SB I880	OAKLAND		CALIFORNIA	 USA	37.798600023519	-122.27474989475	Broadway & I-880 N, Oakland, California, 94607
NORTHGATE AV & SYCAMORE ST	OAKLAND		CALIFORNIA	 USA	37.81542003053	-122.27023992793	Northgate Ave & Sycamore St, Oakland, California, 94612
83RD AV & INTERNATIONAL BLVD	OAKLAND		CALIFORNIA	 USA	37.755160055941	-122.17853989554	83rd Ave & International Blvd, Oakland, California, 94621
311 105TH AV	OAKLAND		CALIFORNIA	 USA	37.726089334609	-122.18233942318	311, 105th Avenue, Brookfield Village, Oakland, Alameda County, California, 94603, United States of America
38TH ST & MANILA AV	OAKLAND		CALIFORNIA	 USA	37.826360048645	-122.25881992013	38th St & Manila Ave, Oakland, California, 94609
24TH ST & WOOD ST	OAKLAND		CALIFORNIA	 USA	37.82026003479	-122.29221987645	24th St & Wood St, Oakland, California, 94607
4705 COLISEUM WY	OAKLAND		CALIFORNIA	 USA	37.765286635975	-122.21700307703	4705, Coliseum Way, Melrose, Oakland, Alameda County, California, 94601, United States of America
31ST ST & TELEGRAPH AV	OAKLAND		CALIFORNIA	 USA	37.819980037315	-122.2669199399	31st St & Telegraph Ave, Oakland, California, 94609
35TH AV & DELAWARE ST	OAKLAND		CALIFORNIA	 USA	37.7928412	-122.2024936	35th Avenue & Delaware Street, 35th Avenue, Laurel, Oakland, Alameda County, California, 94619, United States of America
COLISEUM WY & HIGH ST	OAKLAND		CALIFORNIA	 USA	37.7669739	-122.2188396	Coliseum Way, Fruitvale, Oakland, Alameda County, California, 94601, United States of America
E 12TH ST & 17TH AV	OAKLAND		CALIFORNIA	 USA	37.786880027404	-122.24388990656	E 12th St & 17th Ave, Oakland, California, 94606
105TH AV & EDES AV	OAKLAND		CALIFORNIA	 USA	37.7334415	-122.1782639	105th Avenue & Edes Avenue, 105th Avenue, Brookfield Village, Oakland, Alameda County, California, 94621, United States of America
E 12TH ST & 22ND AV	OAKLAND		CALIFORNIA	 USA	37.783740040745	-122.23862992704	E 12th St & 22nd Ave, Oakland, California, 94606
WB I580 CONN & EB I80	OAKLAND		CALIFORNIA	 USA	37.830660048793	-122.29337993185	I-580 W & I-80 E, Emeryville, California, 94608
4458 MACARTHUR BLVD	OAKLAND		CALIFORNIA	 USA	37.785874357975	-122.19289876133	4458, MacArthur Boulevard, Laurel, Oakland, Alameda County, California, 94619, United States of America
3775 ALAMEDA AV	OAKLAND		CALIFORNIA	 USA	37.768059019121	-122.2248150418	3775, Alameda Avenue, Oakland, Alameda County, California, 94601, United States of America
HIGH ST & MACARTHUR BLVD	OAKLAND		CALIFORNIA	 USA	37.7871677	-122.1949885	High Street & MacArthur Boulevard, High Street, Laurel, Oakland, Alameda County, California, 94619, United States of America
3775 ALAMEDA AV	OAKLAND		CALIFORNIA	 USA	37.768059019121	-122.2248150418	3775, Alameda Avenue, Oakland, Alameda County, California, 94601, United States of America
6TH ST & MARKET ST	OAKLAND		CALIFORNIA	 USA	37.797627833333	-122.28467795833	6, Market Street, Port Of Oakland Chester P. Howard Terminal, Oakland, Alameda County, California, 94607, United States of America
HANOVER AV & LAKESHORE AV	OAKLAND		CALIFORNIA	 USA	37.802470032034	-122.25405992114	Hanover Ave & Lakeshore Ave, Oakland, California, 94606
7TH ST & BRUSH ST	OAKLAND		CALIFORNIA	 USA	37.802290030663	-122.28131988192	7th St & Brush St, Oakland, California, 94607
34TH ST & WOOD ST	OAKLAND		CALIFORNIA	 USA	37.824570051313	-122.2906398877	34th St & Wood St, Emeryville, California, 94608
34TH ST & ELM ST	OAKLAND		CALIFORNIA	 USA	37.82220002628	-122.2652199223	34th St & Elm St, Oakland, California, 94609
2ND AV & INTERNATIONAL BLVD	OAKLAND		CALIFORNIA	 USA	37.797930057998	-122.25627995201	2nd Ave & International Blvd, Oakland, California, 94606
3RD ST & FILBERT ST	OAKLAND		CALIFORNIA	 USA	37.800350039173	-122.28601995031	3rd St & Filbert St, Oakland, California, 94607
860 77TH AV	OAKLAND		CALIFORNIA	 USA	37.752079979873	-122.19303599585	860, 77th Avenue, Elmhurst, Oakland, Alameda County, California, 94621, United States of America
HANOVER AV & LAKESHORE AV	OAKLAND		CALIFORNIA	 USA	37.802470032034	-122.25405992114	Hanover Ave & Lakeshore Ave, Oakland, California, 94606
E 12TH ST & 16TH AV	OAKLAND		CALIFORNIA	 USA	37.7921407	-122.2514854	East 12th Street, San Antonio, Oakland, Alameda County, California, 94606-3636, United States of America
100 12TH ST	OAKLAND		CALIFORNIA	 USA	37.799827	-122.263848	100, 12th Street, Civic Center, Oakland, Alameda County, California, 94607, United States of America
LAKESIDE DR & OAK ST	OAKLAND		CALIFORNIA	 USA	37.8015095	-122.2626544	Lakeside Drive, Civic Center, Oakland, Alameda County, California, 94612, United States of America
9TH ST & FALLON ST	OAKLAND		CALIFORNIA	 USA	37.797160054463	-122.26383992576	9th St & Fallon St, Oakland, California, 94607
900 75TH AV	OAKLAND		CALIFORNIA	 USA	37.753553	-122.193133	900, 75th Avenue, Arcadia Park, Oakland, Alameda County, California, 94621, United States of America
RANDWICK AV & RICHMOND BLVD	OAKLAND		CALIFORNIA	 USA	37.82017005506	-122.25934990787	Randwick Ave & Richmond Blvd, Oakland, California, 94611
OAKPORT ST & ZHONE WY	OAKLAND		CALIFORNIA	 USA	37.752890027013	-122.21059992081	Oakport St & Zhone Way, Oakland, California, 94621
NB I880 CONN & WOOD ST	OAKLAND		CALIFORNIA	 USA	37.805380040223	-122.30322489622	I-880 N & Wood St, Oakland, California, 94607
1600 E 12TH ST	OAKLAND		CALIFORNIA	 USA	37.787486	-122.244808	1600, East 12th Street, San Antonio, Oakland, Alameda County, California, 94606, United States of America
2200 WILLOW ST	OAKLAND		CALIFORNIA	 USA	37.818374	-122.291889	2200, Willow Street, West Oakland, Oakland, Alameda County, California, 94607, United States of America
6TH ST & MARKET ST	OAKLAND		CALIFORNIA	 USA	37.797627833333	-122.28467795833	6, Market Street, Port Of Oakland Chester P. Howard Terminal, Oakland, Alameda County, California, 94607, United States of America
2000 E 12TH ST	OAKLAND		CALIFORNIA	 USA	37.785017	-122.240587	2000, East 12th Street, San Antonio, Oakland, Alameda County, California, 94606, United States of America
47TH AV & SAN LEANDRO ST	OAKLAND		CALIFORNIA	 USA	37.768170026954	-122.21418988994	47th Ave & San Leandro St, Oakland, California, 94601
23RD AV & E 7TH ST	OAKLAND		CALIFORNIA	 USA	37.775580048457	-122.23625994392	23rd Ave & E 7th St, Oakland, California, 94606
5TH ST & FRANKLIN ST	OAKLAND		CALIFORNIA	 USA	37.8016594	-122.2842685	5th Street, Old Oakland Historic District, Oakland, Alameda County, California, 94607, United States of America
320 23RD AV	OAKLAND		CALIFORNIA	 USA	37.772653446052	-122.2357534422	320, 23rd Avenue, Jingletown, Oakland, Alameda County, California, 94606, United States of America
30TH ST & TELEGRAPH AV	OAKLAND		CALIFORNIA	 USA	37.819030032409	-122.26716988826	30th St & Telegraph Ave, Oakland, California, 94609
34TH ST & WOOD ST	OAKLAND		CALIFORNIA	 USA	37.824570051313	-122.2906398877	34th St & Wood St, Emeryville, California, 94608
BROADWAY & WEBSTER ST	OAKLAND		CALIFORNIA	 USA	37.814310057002	-122.26492990845	Broadway & Webster St, Oakland, California, 94612
E 12TH ST & 22ND AV	OAKLAND		CALIFORNIA	 USA	37.783740040745	-122.23862992704	E 12th St & 22nd Ave, Oakland, California, 94606
E 12TH ST & 7TH AV	OAKLAND		CALIFORNIA	 USA	37.793590034262	-122.25312994898	E 12th St & 7th Ave, Oakland, California, 94606
E 8TH ST & FRUITVALE AV	OAKLAND		CALIFORNIA	 USA	37.772920051484	-122.22808993525	E 8th St & Fruitvale Ave, Oakland, California, 94601
35TH ST & SAN PABLO AV	OAKLAND		CALIFORNIA	 USA	37.826410046698	-122.27843994381	35th St & San Pablo Ave, Emeryville, California, 94608
7TH ST & LINDEN ST	OAKLAND		CALIFORNIA	 USA	37.803330057209	-122.28602992477	7th St & Linden St, Oakland, California, 94607
E 12TH ST & 17TH AV	OAKLAND		CALIFORNIA	 USA			
95TH AV & INTERNATIONAL BLVD	OAKLAND		CALIFORNIA	 USA			
GRAND AV & HARRISON ST	OAKLAND		CALIFORNIA	 USA	37.8108208	-122.2626986	Grand Avenue & Harrison Street, Grand Avenue, Financial District, Oakland, Alameda County, California, 94612, United States of America
BROADWAY & WEBSTER ST	OAKLAND		CALIFORNIA	 USA	37.814310057002	-122.26492990845	Broadway & Webster St, Oakland, California, 94612
3094 E 10TH ST	OAKLAND		CALIFORNIA	 USA	37.7959397	-122.259166	East 10th Street, Civic Center, Oakland, Alameda County, California, 94606-3636, United States of America
36TH ST & MARTIN LUTHER KING JR WY	OAKLAND		CALIFORNIA	 USA	37.825080048211	-122.26958991134	36th St & Martin Luther King Jr Way, Oakland, California, 94609
W GRAND AV & WOOD ST	OAKLAND		CALIFORNIA	 USA	37.818710053255	-122.29348990242	W Grand Ave & Wood St, Oakland, California, 94607
35TH ST & MARTIN LUTHER KING JR WY	OAKLAND		CALIFORNIA	 USA	37.82414005968	-122.26982988523	35th St & Martin Luther King Jr Way, Oakland, California, 94609
LAKE PARK AV & LAKESHORE AV	OAKLAND		CALIFORNIA	 USA	37.809980049641	-122.24612988636	Lake Park Ave & Lakeshore Ave, Oakland, California, 94610
14TH ST & FILBERT ST	OAKLAND		CALIFORNIA	 USA	37.808968	-122.282787	14th Street & Filbert Street, 14th Street, West Oakland, Oakland, Alameda County, California, 94607, United States of America
35TH AV & EB I580	OAKLAND		CALIFORNIA	 USA	37.792220054098	-122.20323993927	35th Ave & I-580 W, Oakland, California, 94619
3400 TELEGRAPH AV	OAKLAND		CALIFORNIA	 USA	37.8227363	-122.26550250755	Walgreens, 3400, Telegraph Avenue, Mosswood, Oakland, Alameda County, California, 94609, United States of America
8255 SAN LEANDRO ST	OAKLAND		CALIFORNIA	 USA	37.74874895	-122.1919061	A Eastbay Truck Wash, 8255, San Leandro Street, Arcadia Park, Oakland, Alameda County, California, 94621, United States of America
38TH ST & MANILA AV	OAKLAND		CALIFORNIA	 USA	37.826360048645	-122.25881992013	38th St & Manila Ave, Oakland, California, 94609
20TH ST & WOOD ST	OAKLAND		CALIFORNIA	 USA	37.805626760817	-122.30286976224	20, Wood Street, 7th Street Historic District, Oakland, Alameda County, California, 94607, United States of America
7TH ST & CASTRO ST	OAKLAND		CALIFORNIA	 USA	37.801740052086	-122.27994994367	7th St & Castro St, Oakland, California, 94607
23RD AV & SB I880	OAKLAND		CALIFORNIA	 USA	37.777950031579	-122.23717994161	23rd Ave & I-880 N, Oakland, California, 94606
E 12TH ST & 16TH AV	OAKLAND		CALIFORNIA	 USA	37.7921407	-122.2514854	East 12th Street, San Antonio, Oakland, Alameda County, California, 94606-3636, United States of America
BRUSH ST & W GRAND AV	OAKLAND		CALIFORNIA	 USA	37.81290005325	-122.27472994582	Brush St & W Grand Ave, Oakland, California, 94612
34TH ST & BEACH ST	OAKLAND		CALIFORNIA	 USA	37.772035027282	-122.22619491267	34th Ave, Oakland, California, 94601
E 10TH ST & 2ND AV	OAKLAND		CALIFORNIA	 USA	37.795930052081	-122.25913994119	E 10th St & 2nd Ave, Oakland, California, 94606
3600 ALAMEDA AV	OAKLAND		CALIFORNIA	 USA	37.768084850979	-122.22638458551	3600, Alameda Avenue, Oakland, Alameda County, California, 94601, United States of America
E 12TH ST & 19TH AV	OAKLAND		CALIFORNIA	 USA	37.7921407	-122.2514854	East 12th Street, San Antonio, Oakland, Alameda County, California, 94606-3636, United States of America
18TH ST & WOOD ST	OAKLAND		CALIFORNIA	 USA	37.816020049069	-122.29560993719	18th St & Wood St, Oakland, California, 94607
20TH ST & CAMPBELL ST	OAKLAND		CALIFORNIA	 USA	37.8191671	-122.2895237	Campbell Street, West Oakland, Oakland, Alameda County, California, 94626, United States of America
3600 E 9TH ST	OAKLAND		CALIFORNIA	 USA	37.7743206	-122.230639	East 9th Street, Jingletown, Oakland, Alameda County, California, 94601, United States of America
E 12TH ST & 9TH AV	OAKLAND		CALIFORNIA	 USA	37.792130032457	-122.2514899458	E 12th St & 9th Ave, Oakland, California, 94606
GRAND AV & MACARTHUR BLVD	OAKLAND		CALIFORNIA	 USA	37.8102879	-122.2489225	Grand Avenue & MacArthur Boulevard, MacArthur Boulevard, Grand Lake, Oakland, Alameda County, California, 94610, United States of America
2301 EMBARCADERO	OAKLAND		CALIFORNIA	 USA	37.779186	-122.242721	2301, Embarcadero, Jingletown, Oakland, Alameda County, California, 94606, United States of America
34TH ST & WOOD ST	OAKLAND		CALIFORNIA	 USA	37.824570051313	-122.2906398877	34th St & Wood St, Emeryville, California, 94608
6TH ST & WEBSTER ST	OAKLAND		CALIFORNIA	 USA	37.7972411	-122.2728657	Webster Street, Jack London Square, Oakland, Alameda County, California, 94607, United States of America
29TH ST & MARTIN LUTHER KING JR WY	OAKLAND		CALIFORNIA	 USA	37.818730044094	-122.27118993284	29th St & Martin Luther King Jr Way, Oakland, California, 94609
900 40TH AV	OAKLAND		CALIFORNIA	 USA	37.7791707	-122.2133331	40th Avenue, Fruitvale, Oakland, Alameda County, California, 94601, United States of America
E 12TH ST & LAKE MERRITT BLVD	OAKLAND		CALIFORNIA	 USA	37.798270027991	-122.25820988522	E 12th St & Lake Merritt Blvd, Oakland, California, 94606
23RD ST & NORTHGATE AV	OAKLAND		CALIFORNIA	 USA	37.813000049355	-122.27106990398	23rd St & Northgate Ave, Oakland, California, 94612
E 12TH ST & 14TH AV	OAKLAND		CALIFORNIA	 USA	37.7921407	-122.2514854	East 12th Street, San Antonio, Oakland, Alameda County, California, 94606-3636, United States of America
E 12TH ST & 14TH AV	OAKLAND		CALIFORNIA	 USA	37.7921407	-122.2514854	East 12th Street, San Antonio, Oakland, Alameda County, California, 94606-3636, United States of America
34TH ST & TELEGRAPH AV	OAKLAND		CALIFORNIA	 USA	37.822470049291	-122.26624989056	34th St & Telegraph Ave, Oakland, California, 94609
7TH ST & BRUSH ST	OAKLAND		CALIFORNIA	 USA	37.802290030663	-122.28131988192	7th St & Brush St, Oakland, California, 94607
E 12TH ST & 26TH AV	OAKLAND		CALIFORNIA	 USA	37.780330031077	-122.23362995416	E 12th St & 26th Ave, Oakland, California, 94601
38TH ST & MANILA AV	OAKLAND		CALIFORNIA	 USA	37.826360048645	-122.25881992013	38th St & Manila Ave, Oakland, California, 94609
89TH AV & INTERNATIONAL BLVD	OAKLAND		CALIFORNIA	 USA			
NORTHGATE AV & SYCAMORE ST	OAKLAND		CALIFORNIA	 USA	37.81542003053	-122.27023992793	Northgate Ave & Sycamore St, Oakland, California, 94612
29TH ST & TELEGRAPH AV	OAKLAND		CALIFORNIA	 USA	37.818220047196	-122.26739988768	29th St & Telegraph Ave, Oakland, California, 94609
NORTHGATE AV & SYCAMORE ST	OAKLAND		CALIFORNIA	 USA	37.81542003053	-122.27023992793	Northgate Ave & Sycamore St, Oakland, California, 94612
24TH ST & UNION ST	OAKLAND		CALIFORNIA	 USA	37.81765003587	-122.28553991871	24th St & Union St, Oakland, California, 94607
E 12TH ST & 19TH AV	OAKLAND		CALIFORNIA	 USA	37.7921407	-122.2514854	East 12th Street, San Antonio, Oakland, Alameda County, California, 94606-3636, United States of America
37TH ST & W MACARTHUR BLVD	OAKLAND		CALIFORNIA	 USA	37.826740042226	-122.26676990384	37th St & W MacArthur Blvd, Oakland, California, 94609
7200 SAN LEANDRO ST	OAKLAND		CALIFORNIA	 USA	37.7722695	-122.2205966	San Leandro Street, Fruitvale, Oakland, Alameda County, California, 94601, United States of America
24TH ST & WOOD ST	OAKLAND		CALIFORNIA	 USA	37.82026003479	-122.29221987645	24th St & Wood St, Oakland, California, 94607
12TH AV & INTERNATIONAL BLVD	OAKLAND		CALIFORNIA	 USA	37.790600041761	-122.24801992171	12th Ave & International Blvd, Oakland, California, 94606
29TH ST & TELEGRAPH AV	OAKLAND		CALIFORNIA	 USA	37.818220047196	-122.26739988768	29th St & Telegraph Ave, Oakland, California, 94609
30TH ST & MARTIN LUTHER KING JR WY	OAKLAND		CALIFORNIA	 USA	37.819650041787	-122.27095993341	30th St & Martin Luther King Jr Way, Oakland, California, 94609
1900 E 12TH ST	OAKLAND		CALIFORNIA	 USA	37.7856814	-122.24129715468	American Emperor, 1900, East 12th Street, San Antonio, Oakland, Alameda County, California, 94606-3636, United States of America
2020 WAKE AV	OAKLAND		CALIFORNIA	 USA	37.8232014	-122.3001058	Wake Avenue, Oakland Trade & Logistics Center, Oakland, Alameda County, California, 94626, United States of America
E 12TH ST & 16TH AV	OAKLAND		CALIFORNIA	 USA	37.7921407	-122.2514854	East 12th Street, San Antonio, Oakland, Alameda County, California, 94606-3636, United States of America
3775 ALAMEDA AV	OAKLAND		CALIFORNIA	 USA	37.768059019121	-122.2248150418	3775, Alameda Avenue, Oakland, Alameda County, California, 94601, United States of America
6TH ST & BRUSH ST	OAKLAND		CALIFORNIA	 USA	37.8129958	-122.2746758	Brush Street, San Pablo Gateway, Oakland, Alameda County, California, 94612-2202, United States of America
73RD AV & KRAUSE AV	OAKLAND		CALIFORNIA	 USA	37.7650653	-122.1784068	73rd Avenue & Krause Avenue, 73rd Avenue, Eastmont, Oakland, Alameda County, California, 94621, United States of America
DENNISON ST & EMBARCADERO	OAKLAND		CALIFORNIA	 USA	37.779330028118	-122.24256992445	Dennison St & Embarcadero, Oakland, California, 94606
12TH ST & FALLON ST	OAKLAND		CALIFORNIA	 USA	37.7994386	-122.2628791	12th Street & Fallon Street, 12th Street, Civic Center, Oakland, Alameda County, California, 94606-3636, United States of America
MACARTHUR BLVD &	OAKLAND	AV	OAKLAND		37.8102457	-122.2489553	MacArthur Boulevard, Grand Lake, Oakland, Alameda County, California, 94610, United States of America
10TH ST & CASTRO ST	OAKLAND		CALIFORNIA	 USA	37.8065705	-122.2771979	Castro Street, San Pablo Gateway, Oakland, Alameda County, California, 94607, United States of America
5TH ST & KIRKHAM ST	OAKLAND		CALIFORNIA	 USA	37.803520033045	-122.292749948	5th St & Kirkham St, Oakland, California, 94607
6TH ST & WEBSTER ST	OAKLAND		CALIFORNIA	 USA	37.7972411	-122.2728657	Webster Street, Jack London Square, Oakland, Alameda County, California, 94607, United States of America
25TH ST & MARTIN LUTHER KING JR WY	OAKLAND		CALIFORNIA	 USA	37.814990038897	-122.27212987946	25th St & Martin Luther King Jr Way, Oakland, California, 94612
1078 60TH ST	OAKLAND		CALIFORNIA	 USA	37.843299122513	-122.28261358115	1078, 60th Street, Golden Gate, Oakland, Alameda County, California, 94608, United States of America
107TH AV & PEARMAIN ST	OAKLAND		CALIFORNIA	 USA	37.733330059672	-122.17519987476	107th Ave & Pearmain St, Oakland, California, 94603
105TH AV & EDES AV	OAKLAND		CALIFORNIA	 USA	37.7334415	-122.1782639	105th Avenue & Edes Avenue, 105th Avenue, Brookfield Village, Oakland, Alameda County, California, 94621, United States of America
800 47TH AV	OAKLAND		CALIFORNIA	 USA	37.767174	-122.215438	800, 47th Avenue, Melrose, Oakland, Alameda County, California, 94601, United States of America
EB 51ST OFFRP ST & EB MLK JR OFFRP WY	OAKLAND		CALIFORNIA	 USA	37.836430025211	-122.26774991596	51st St & MLK Jr Way, Oakland, California, 94609
HARRISON ST & MACARTHUR BLVD	OAKLAND		CALIFORNIA	 USA	37.819850033997	-122.25412991003	Harrison St & MacArthur Blvd, Oakland, California, 94611
66 MACARTHUR BLVD	OAKLAND		CALIFORNIA	 USA	37.821005704082	-122.25471955102	66, MacArthur Boulevard, Harrison/Oakland, Oakland, Alameda County, California, 94610, United States of America
36TH ST & TELEGRAPH AV	OAKLAND		CALIFORNIA	 USA	37.824600058526	-122.26566994668	36th St & Telegraph Ave, Oakland, California, 94609
42ND AV & INTERNATIONAL BLVD	OAKLAND		CALIFORNIA	 USA	37.772960033162	-122.21613993971	42nd Ave & International Blvd, Oakland, California, 94601
3439 ANDOVER ST	OAKLAND		CALIFORNIA	 USA	37.822211836735	-122.26426179592	3439, Andover Street, Pill Hill, Oakland, Alameda County, California, 94609, United States of America
34TH ST & ANDOVER ST	OAKLAND		CALIFORNIA	 USA	37.821980043232	-122.26417989575	34th St & Andover St, Oakland, California, 94609
19TH ST & BRUSH ST	OAKLAND		CALIFORNIA	 USA	37.8129958	-122.2746758	Brush Street, San Pablo Gateway, Oakland, Alameda County, California, 94612-2202, United States of America
1538 E 12TH ST	OAKLAND		CALIFORNIA	 USA	37.7921407	-122.2514854	East 12th Street, San Antonio, Oakland, Alameda County, California, 94606-3636, United States of America
CLAREMONT AV & HUDSON ST	OAKLAND		CALIFORNIA	 USA	37.843147	-122.2571661	Claremont Avenue & Hudson Street, Claremont Avenue, Temescal, Oakland, Alameda County, California, 94609, United States of America
7TH ST & KIRKHAM ST	OAKLAND		CALIFORNIA	 USA	37.804720028213	-122.29232993084	7th St & Kirkham St, Oakland, California, 94607
766 MOORPARK AV	OAKLAND		CALIFORNIA	 USA	37.731758997651	-122.17396899228	766 Moorpark St, Oakland, California, 94603
34TH ST & WOOD ST	OAKLAND		CALIFORNIA	 USA	37.824570051313	-122.2906398877	34th St & Wood St, Emeryville, California, 94608
36TH ST & MARTIN LUTHER KING JR WY	OAKLAND		CALIFORNIA	 USA	37.825080048211	-122.26958991134	36th St & Martin Luther King Jr Way, Oakland, California, 94609
NORTHGATE AV & SYCAMORE ST	OAKLAND		CALIFORNIA	 USA	37.81542003053	-122.27023992793	Northgate Ave & Sycamore St, Oakland, California, 94612
1201 41ST AV	OAKLAND		CALIFORNIA	 USA	37.772501	-122.218058	1201, 41st Avenue, Fruitvale, Oakland, Alameda County, California, 94601, United States of America
11TH AV & E 8TH ST	OAKLAND		CALIFORNIA	 USA	37.793708243918	-122.26132355657	11, East 8th Street, Civic Center, Oakland, Alameda County, California, 94606, United States of America
E 12TH ST & 16TH AV	OAKLAND		CALIFORNIA	 USA	37.7921407	-122.2514854	East 12th Street, San Antonio, Oakland, Alameda County, California, 94606-3636, United States of America
25TH ST & NORTHGATE AV	OAKLAND		CALIFORNIA	 USA	37.814680034208	-122.27031989129	25th St & Northgate Ave, Oakland, California, 94612
20TH ST & WOOD ST	OAKLAND		CALIFORNIA	 USA	37.805626760817	-122.30286976224	20, Wood Street, 7th Street Historic District, Oakland, Alameda County, California, 94607, United States of America
27TH ST & NORTHGATE AV	OAKLAND		CALIFORNIA	 USA	37.816470031541	-122.26983994351	27th St & Northgate Ave, Oakland, California, 94612
75TH AV & SAN LEANDRO ST	OAKLAND		CALIFORNIA	 USA	37.752150030691	-122.19535994446	75th Ave & San Leandro St, Oakland, California, 94621
34TH ST & WEST ST	OAKLAND		CALIFORNIA	 USA	37.823990023613	-122.27253992216	34th St & West St, Oakland, California, 94609
E 12TH ST & 17TH AV	OAKLAND		CALIFORNIA	 USA	37.786880027404	-122.24388990656	E 12th St & 17th Ave, Oakland, California, 94606
10 10TH ST	OAKLAND		CALIFORNIA	 USA	37.797843017857	-122.26379776786	10, 10th Street, Civic Center, Oakland, Alameda County, California, 94607, United States of America
3601 TELEGRAPH AV	OAKLAND		CALIFORNIA	 USA	37.8372721	-122.2623213	Telegraph Avenue, Temescal, Oakland, Alameda County, California, 94609, United States of America
26TH ST & WOOD ST	OAKLAND		CALIFORNIA	 USA	37.821660022168	-122.29113995204	26th St & Wood St, Oakland, California, 94607
27TH ST & SAN PABLO AV	OAKLAND		CALIFORNIA	 USA	37.81774005751	-122.27562991077	27th St & San Pablo Ave, Oakland, California, 94612
NORTHGATE AV & SYCAMORE ST	OAKLAND		CALIFORNIA	 USA	37.81542003053	-122.27023992793	Northgate Ave & Sycamore St, Oakland, California, 94612
E 12TH ST & 13TH AV	OAKLAND		CALIFORNIA	 USA	37.789190038009	-122.24811991781	E 12th St & 13th Ave, Oakland, California, 94606
EB I580 & WEBSTER ST	OAKLAND		CALIFORNIA	 USA	37.823010053403	-122.26202993759	I-580 W & Webster St, Oakland, California, 94609
750 HIGH ST	OAKLAND		CALIFORNIA	 USA	37.76879145	-122.21912465056	Economy Lumber Company, 750, High Street, Fruitvale, Oakland, Alameda County, California, 94601, United States of America
3775 ALAMEDA AV	OAKLAND		CALIFORNIA	 USA	37.768059019121	-122.2248150418	3775, Alameda Avenue, Oakland, Alameda County, California, 94601, United States of America
LESSER ST & OAKPORT ST	OAKLAND		CALIFORNIA	 USA	37.764790024499	-122.21808990567	Lesser St & Oakport St, Oakland, California, 94601
81ST AV & SAN LEANDRO ST	OAKLAND		CALIFORNIA	 USA	37.749760056729	-122.19235989367	81st Ave & San Leandro St, Oakland, California, 94621
ALAMEDA AV & FRUITVALE AV	OAKLAND		CALIFORNIA	 USA	37.7680722	-122.2210434	Alameda Avenue, Fruitvale, Oakland, Alameda County, California, 94601, United States of America
18TH ST & WOOD ST	OAKLAND		CALIFORNIA	 USA	37.816020049069	-122.29560993719	18th St & Wood St, Oakland, California, 94607
E 12TH ST & HIGH ST	OAKLAND		CALIFORNIA	 USA	37.7921407	-122.2514854	East 12th Street, San Antonio, Oakland, Alameda County, California, 94606-3636, United States of America
36TH ST & MARTIN LUTHER KING JR WY	OAKLAND		CALIFORNIA	 USA	37.825080048211	-122.26958991134	36th St & Martin Luther King Jr Way, Oakland, California, 94609
54TH ST & SHATTUCK AV	OAKLAND		CALIFORNIA	 USA	37.839500022977	-122.26439992071	54th St & Shattuck Ave, Oakland, California, 94609
E 12TH ST & 31ST AV	OAKLAND		CALIFORNIA	 USA	37.776780043625	-122.22729994088	E 12th St & 31st Ave, Oakland, California, 94601
E 12TH ST & 20TH AV	OAKLAND		CALIFORNIA	 USA	37.7921407	-122.2514854	East 12th Street, San Antonio, Oakland, Alameda County, California, 94606-3636, United States of America
E 12TH ST & 20TH AV	OAKLAND		CALIFORNIA	 USA	37.7921407	-122.2514854	East 12th Street, San Antonio, Oakland, Alameda County, California, 94606-3636, United States of America
8TH ST & VIRGINIA ST	OAKLAND		CALIFORNIA	 USA	37.87276004342	-122.29689991209	8th St & Virginia St, Berkeley, California, 94710
10058 EMPIRE RD	OAKLAND		CALIFORNIA	 USA	37.727937071875	-122.18607710781	10058, Empire Road, Brookfield Village, Oakland, Alameda County, California, 94603, United States of America
400 LANCASTER ST	OAKLAND		CALIFORNIA	 USA	37.771437	-122.230091	400, Lancaster Street, Fruitvale, Oakland, Alameda County, California, 94601, United States of America
11TH AV & E 12TH ST	OAKLAND		CALIFORNIA	 USA	37.7921407	-122.2514854	East 12th Street, San Antonio, Oakland, Alameda County, California, 94606-3636, United States of America
250 VICTORY CT	OAKLAND		CALIFORNIA	 USA	37.7917467	-122.26371620724	Oakland Fire Department Training Division, 250, Victory Court, Chinatown, Oakland, Alameda County, California, 94606-3636, United States of America
34TH ST & TELEGRAPH AV	OAKLAND		CALIFORNIA	 USA			
550 E 12TH ST	OAKLAND		CALIFORNIA	 USA	37.811960777778	-122.29914617778	550, 12th Street, Lower Bottoms, Oakland, Alameda County, California, 94607, United States of America
34TH ST & ANDOVER ST	OAKLAND		CALIFORNIA	 USA	37.821980043232	-122.26417989575	34th St & Andover St, Oakland, California, 94609
E 12TH ST & 19TH AV	OAKLAND		CALIFORNIA	 USA	37.7921407	-122.2514854	East 12th Street, San Antonio, Oakland, Alameda County, California, 94606-3636, United States of America
GRAND AV & HARRISON ST	OAKLAND		CALIFORNIA	 USA	37.8108208	-122.2626986	Grand Avenue & Harrison Street, Grand Avenue, Financial District, Oakland, Alameda County, California, 94612, United States of America
E 12TH ST & 20TH AV	OAKLAND		CALIFORNIA	 USA	37.7921407	-122.2514854	East 12th Street, San Antonio, Oakland, Alameda County, California, 94606-3636, United States of America
75TH AV & SAN LEANDRO ST	OAKLAND		CALIFORNIA	 USA	37.752150030691	-122.19535994446	75th Ave & San Leandro St, Oakland, California, 94621
34TH ST & TELEGRAPH AV	OAKLAND		CALIFORNIA	 USA			
34TH ST & BROADWAY	OAKLAND		CALIFORNIA	 USA	37.8220255	-122.261826	34th Street, Oak Glen Park, Oakland, Alameda County, California, 94609, United States of America
34TH ST & ANDOVER ST	OAKLAND		CALIFORNIA	 USA	37.821980043232	-122.26417989575	34th St & Andover St, Oakland, California, 94609
34TH ST & ELM ST	OAKLAND		CALIFORNIA	 USA	37.82220002628	-122.2652199223	34th St & Elm St, Oakland, California, 94609
7TH ST & BRUSH ST	OAKLAND		CALIFORNIA	 USA	37.802290030663	-122.28131988192	7th St & Brush St, Oakland, California, 94607
7TH ST & BRUSH ST	OAKLAND		CALIFORNIA	 USA	37.802290030663	-122.28131988192	7th St & Brush St, Oakland, California, 94607
430 HALE AV	OAKLAND		CALIFORNIA	 USA	37.73292590385	-122.18073453504	430, Hale Avenue, Brookfield Village, Oakland, Alameda County, California, 94603, United States of America
400 105TH AV	OAKLAND		CALIFORNIA	 USA	37.729478	-122.180412	400, 105th Avenue, Brookfield Village, Oakland, Alameda County, California, 94603, United States of America
14TH ST & MANDELA PKWY	OAKLAND		CALIFORNIA	 USA	37.8105938	-122.2910108	14th Street & Mandela Parkway, 14th Street, West Oakland, Oakland, Alameda County, California, 94626, United States of America
34TH ST & PERALTA ST	OAKLAND		CALIFORNIA	 USA	37.825940031477	-122.28225991236	34th St & Peralta St, Emeryville, California, 94608
24TH ST & MARTIN LUTHER KING JR WY	OAKLAND		CALIFORNIA	 USA	37.814250042576	-122.2723198972	24th St & Martin Luther King Jr Way, Oakland, California, 94612
HEGENBERGER RD & SAN LEANDRO ST	OAKLAND		CALIFORNIA	 USA	37.752530024272	-122.19579991055	Hegenberger Rd & San Leandro St, Oakland, California, 94621
800 77TH AV	OAKLAND		CALIFORNIA	 USA	37.753677	-122.190243	800, 77th Avenue, Elmhurst, Oakland, Alameda County, California, 94621, United States of America
E 12TH ST & 20TH AV	OAKLAND		CALIFORNIA	 USA	37.7921407	-122.2514854	East 12th Street, San Antonio, Oakland, Alameda County, California, 94606-3636, United States of America
EB I580 & WEBSTER ST	OAKLAND		CALIFORNIA	 USA	37.823010053403	-122.26202993759	I-580 W & Webster St, Oakland, California, 94609
WB I580 & EB I980 CONN	OAKLAND		CALIFORNIA	 USA	37.824400024407	-122.26839993255	I-580 W & I-980 W, Oakland, California, 94609
E 12TH ST & 19TH AV	OAKLAND		CALIFORNIA	 USA	37.7921407	-122.2514854	East 12th Street, San Antonio, Oakland, Alameda County, California, 94606-3636, United States of America
FOOTHILL BLVD & LAKESHORE AV	OAKLAND		CALIFORNIA	 USA	37.800020043645	-122.25509994768	Foothill Blvd & Lakeshore Ave, Oakland, California, 94606
34TH ST & TELEGRAPH AV	OAKLAND		CALIFORNIA	 USA	37.822470049291	-122.26624989056	34th St & Telegraph Ave, Oakland, California, 94609
1330 LAKESHORE AV	OAKLAND		CALIFORNIA	 USA	37.799840492545	-122.25633397018	1330, Lakeshore Avenue, Civic Center, Oakland, Alameda County, California, 94606, United States of America
DENNISON ST & EMBARCADERO	OAKLAND		CALIFORNIA	 USA	37.779330028118	-122.24256992445	Dennison St & Embarcadero, Oakland, California, 94606
34TH ST & ANDOVER ST	OAKLAND		CALIFORNIA	 USA	37.821980043232	-122.26417989575	34th St & Andover St, Oakland, California, 94609
W GRAND AV & WOOD ST	OAKLAND		CALIFORNIA	 USA	37.818710053255	-122.29348990242	W Grand Ave & Wood St, Oakland, California, 94607
18TH ST & WOOD ST	OAKLAND		CALIFORNIA	 USA	37.816020049069	-122.29560993719	18th St & Wood St, Oakland, California, 94607
5TH AV & EMBARCADERO	OAKLAND		CALIFORNIA	 USA	37.790170050128	-122.26002993167	5th Ave & Embarcadero, Oakland, California, 94606
50TH AV & SAN LEANDRO ST	OAKLAND		CALIFORNIA	 USA	37.766360038783	-122.21212995342	50th Ave & San Leandro St, Oakland, California, 94601
545 32ND ST	OAKLAND		CALIFORNIA	 USA	37.820958346939	-122.26753481633	545, 32nd Street, Pill Hill, Oakland, Alameda County, California, 94609, United States of America
51ST ST & MARTIN LUTHER KING JR WY	OAKLAND		CALIFORNIA	 USA	37.836430025211	-122.26774991596	51st St & Martin Luther King Jr Way, Oakland, California, 94609
36TH ST & TELEGRAPH AV	OAKLAND		CALIFORNIA	 USA	37.824600058526	-122.26566994668	36th St & Telegraph Ave, Oakland, California, 94609
6TH ST & WEBSTER ST	OAKLAND		CALIFORNIA	 USA	37.7972411	-122.2728657	Webster Street, Jack London Square, Oakland, Alameda County, California, 94607, United States of America
26TH ST & WILLOW ST	OAKLAND		CALIFORNIA	 USA	37.821000031112	-122.28984989332	26th St & Willow St, Oakland, California, 94607
E 12TH ST & 16TH AV	OAKLAND		CALIFORNIA	 USA	37.7921407	-122.2514854	East 12th Street, San Antonio, Oakland, Alameda County, California, 94606-3636, United States of America
25TH ST & NORTHGATE AV	OAKLAND		CALIFORNIA	 USA			
NORTHGATE AV & SYCAMORE ST	OAKLAND		CALIFORNIA	 USA	37.81542003053	-122.27023992793	Northgate Ave & Sycamore St, Oakland, California, 94612
66TH AV & SAN LEANDRO ST	OAKLAND		CALIFORNIA	 USA	37.756810033581	-122.20077993451	66th Ave & San Leandro St, Oakland, California, 94621
E 12TH ST & LAKE MERRITT BLVD	OAKLAND		CALIFORNIA	 USA	37.798270027991	-122.25820988522	E 12th St & Lake Merritt Blvd, Oakland, California, 94606
77TH AV & SAN LEANDRO ST	OAKLAND		CALIFORNIA	 USA	37.751200025785	-122.1941199257	77th Ave & San Leandro St, Oakland, California, 94621
3407 E 8TH ST	OAKLAND		CALIFORNIA	 USA	37.772185633592	-122.22590577569	3407, East 8th Street, Fruitvale, Oakland, Alameda County, California, 94601, United States of America
5TH ST & MARKET ST	OAKLAND		CALIFORNIA	 USA	37.8011607	-122.2829743	5th Street & Market Street, 5th Street, Jack London Square, Oakland, Alameda County, California, 94607, United States of America
E 12TH ST & 16TH AV	OAKLAND		CALIFORNIA	 USA	37.7921407	-122.2514854	East 12th Street, San Antonio, Oakland, Alameda County, California, 94606-3636, United States of America
655 INTERNATIONAL BLVD	OAKLAND		CALIFORNIA	 USA	37.7688033	-122.2073943	International Boulevard, Melrose, Oakland, Alameda County, California, 94601, United States of America
4TH ST & BRUSH ST	OAKLAND		CALIFORNIA	 USA	37.800240026694	-122.28263994785	4th St & Brush St, Oakland, California, 94607
34TH ST & ELM ST	OAKLAND		CALIFORNIA	 USA	37.82220002628	-122.2652199223	34th St & Elm St, Oakland, California, 94609
8451 SAN LEANDRO ST	OAKLAND		CALIFORNIA	 USA	37.74706535	-122.19065205277	Pick-N-Pull, 8451, San Leandro Street, Melrose, Oakland, Alameda County, California, 94621, United States of America
49TH AV & SAN LEANDRO ST	OAKLAND		CALIFORNIA	 USA	37.767080044265	-122.21291994779	49th Ave & San Leandro St, Oakland, California, 94601
34TH ST & ELM ST	OAKLAND		CALIFORNIA	 USA	37.82220002628	-122.2652199223	34th St & Elm St, Oakland, California, 94609
955 7TH ST	OAKLAND		CALIFORNIA	 USA	37.803116773403	-122.2841061147	955, 7th Street, Old Oakland Historic District, Oakland, Alameda County, California, 94607, United States of America
66TH AV & SAN LEANDRO ST	OAKLAND		CALIFORNIA	 USA	37.756810033581	-122.20077993451	66th Ave & San Leandro St, Oakland, California, 94621
7TH ST & BRUSH ST	OAKLAND		CALIFORNIA	 USA	37.802290030663	-122.28131988192	7th St & Brush St, Oakland, California, 94607
16TH ST & WOOD ST	OAKLAND		CALIFORNIA	 USA	37.81464005253	-122.29674987602	16th St & Wood St, Oakland, California, 94607
47TH AV & SAN LEANDRO ST	OAKLAND		CALIFORNIA	 USA	37.768170026954	-122.21418988994	47th Ave & San Leandro St, Oakland, California, 94601
34TH ST & ELM ST	OAKLAND		CALIFORNIA	 USA	37.82220002628	-122.2652199223	34th St & Elm St, Oakland, California, 94609
84TH AV & INTERNATIONAL BLVD	OAKLAND		CALIFORNIA	 USA	37.754430034084	-122.17784989727	84th Ave & International Blvd, Oakland, California, 94621
553 34TH ST	OAKLAND		CALIFORNIA	 USA	37.822600229348	-122.26716041628	553, 34th Street, Pill Hill, Oakland, Alameda County, California, 94609, United States of America
7TH ST & BRUSH ST	OAKLAND		CALIFORNIA	 USA	37.802290030663	-122.28131988192	7th St & Brush St, Oakland, California, 94607
45TH ST & TELEGRAPH AV	OAKLAND		CALIFORNIA	 USA	37.833020057451	-122.26341990859	45th St & Telegraph Ave, Oakland, California, 94609
34TH ST & PERALTA ST	OAKLAND		CALIFORNIA	 USA	37.825940031477	-122.28225991236	34th St & Peralta St, Emeryville, California, 94608
E 11TH ST & 2ND AV	OAKLAND		CALIFORNIA	 USA	37.7959138	-122.2574874	East 11th Street, Civic Center, Oakland, Alameda County, California, 94606-3636, United States of America
45TH ST & MARTIN LUTHER KING JR WY	OAKLAND		CALIFORNIA	 USA	37.833570036028	-122.26744992764	45th St & Martin Luther King Jr Way, Oakland, California, 94609
900 FALLON ST	OAKLAND		CALIFORNIA	 USA	37.797243	-122.263706	900, Fallon Street, Civic Center, Oakland, Alameda County, California, 94607, United States of America
E 12TH ST & 22ND AV	OAKLAND		CALIFORNIA	 USA			
6TH ST & WEBSTER ST	OAKLAND		CALIFORNIA	 USA	37.7972411	-122.2728657	Webster Street, Jack London Square, Oakland, Alameda County, California, 94607, United States of America
BROADWAY & EB I580	OAKLAND		CALIFORNIA	 USA	37.822390044025	-122.25991987729	Broadway & I-580 W, Oakland, California, 94611
GRAND AV & HARRISON ST	OAKLAND		CALIFORNIA	 USA	37.8108208	-122.2626986	Grand Avenue & Harrison Street, Grand Avenue, Financial District, Oakland, Alameda County, California, 94612, United States of America
GRAND AV & HARRISON ST	OAKLAND		CALIFORNIA	 USA	37.8108208	-122.2626986	Grand Avenue & Harrison Street, Grand Avenue, Financial District, Oakland, Alameda County, California, 94612, United States of America
34TH ST & PERALTA ST	OAKLAND		CALIFORNIA	 USA	37.825940031477	-122.28225991236	34th St & Peralta St, Emeryville, California, 94608
6TH ST & MARKET ST	OAKLAND		CALIFORNIA	 USA	37.797627833333	-122.28467795833	6, Market Street, Port Of Oakland Chester P. Howard Terminal, Oakland, Alameda County, California, 94607, United States of America
42ND AV & INTERNATIONAL BLVD	OAKLAND		CALIFORNIA	 USA	37.772960033162	-122.21613993971	42nd Ave & International Blvd, Oakland, California, 94601
34TH ST & ELM ST	OAKLAND		CALIFORNIA	 USA	37.82220002628	-122.2652199223	34th St & Elm St, Oakland, California, 94609
HOLLIS ST & W MACARTHUR BLVD	OAKLAND		CALIFORNIA	 USA			
34TH ST & ANDOVER ST	OAKLAND		CALIFORNIA	 USA	37.821980043232	-122.26417989575	34th St & Andover St, Oakland, California, 94609
250 FRANK H OGAWA PLZ	OAKLAND		CALIFORNIA	 USA	37.806067000053	-122.27243900405	250 Frank H Ogawa Plz, Oakland, California, 94612
6TH ST & MARKET ST	OAKLAND		CALIFORNIA	 USA	37.797627833333	-122.28467795833	6, Market Street, Port Of Oakland Chester P. Howard Terminal, Oakland, Alameda County, California, 94607, United States of America
ADELINE ST & SB I880	OAKLAND		CALIFORNIA	 USA	37.80302005252	-122.28847995507	Adeline St & I-880 N, Oakland, California, 94607
32ND ST & WOOD ST	OAKLAND		CALIFORNIA	 USA	37.822820035658	-122.29024987774	32nd St & Wood St, Emeryville, California, 94608
23RD ST & MARTIN LUTHER KING JR WY	OAKLAND		CALIFORNIA	 USA	37.813260055991	-122.27254989663	23rd St & Martin Luther King Jr Way, Oakland, California, 94612
36TH ST & TELEGRAPH AV	OAKLAND		CALIFORNIA	 USA	37.824600058526	-122.26566994668	36th St & Telegraph Ave, Oakland, California, 94609
E 12TH ST & 5TH AV	OAKLAND		CALIFORNIA	 USA	37.795060052441	-122.25478990108	E 12th St & 5th Ave, Oakland, California, 94606
E 12TH ST & 16TH AV	OAKLAND		CALIFORNIA	 USA	37.7921407	-122.2514854	East 12th Street, San Antonio, Oakland, Alameda County, California, 94606-3636, United States of America
52ND ST & MARTIN LUTHER KING JR WY	OAKLAND		CALIFORNIA	 USA	37.837190054281	-122.26869992086	52nd St & Martin Luther King Jr Way, Oakland, California, 94609
14TH ST & CASTRO ST	OAKLAND		CALIFORNIA	 USA	37.806660061612	-122.27711987788	14th St & Castro St, Oakland, California, 94612
29TH ST & TELEGRAPH AV	OAKLAND		CALIFORNIA	 USA			
1ST AV & LAKESHORE AV	OAKLAND		CALIFORNIA	 USA	37.799840042274	-122.25558995374	1st Ave & Lakeshore Ave, Oakland, California, 94606
6TH ST & JEFFERSON ST	OAKLAND		CALIFORNIA	 USA	37.796384166667	-122.280518125	6, Jefferson Street, Port Of Oakland Chester P. Howard Terminal, Oakland, Alameda County, California, 94607, United States of America
GRAND AV & HARRISON ST	OAKLAND		CALIFORNIA	 USA	37.8108208	-122.2626986	Grand Avenue & Harrison Street, Grand Avenue, Financial District, Oakland, Alameda County, California, 94612, United States of America
2301 EMBARCADERO	OAKLAND		CALIFORNIA	 USA	37.779186	-122.242721	2301, Embarcadero, Jingletown, Oakland, Alameda County, California, 94606, United States of America
W GRAND AV & MARTIN LUTHER KING JR WY	OAKLAND		CALIFORNIA	 USA	37.812480036082	-122.27277989605	W Grand Ave & Martin Luther King Jr Way, Oakland, California, 94612
1600 E 12TH ST	OAKLAND		CALIFORNIA	 USA	37.787486	-122.244808	1600, East 12th Street, San Antonio, Oakland, Alameda County, California, 94606, United States of America
16TH AV & INTERNATIONAL BLVD	OAKLAND		CALIFORNIA	 USA	37.7688033	-122.2073943	International Boulevard, Melrose, Oakland, Alameda County, California, 94601, United States of America
38TH ST & MANILA AV	OAKLAND		CALIFORNIA	 USA	37.826360048645	-122.25881992013	38th St & Manila Ave, Oakland, California, 94609
E 12TH ST & 19TH AV	OAKLAND		CALIFORNIA	 USA	37.7921407	-122.2514854	East 12th Street, San Antonio, Oakland, Alameda County, California, 94606-3636, United States of America
E 12TH ST & 19TH AV	OAKLAND		CALIFORNIA	 USA	37.7921407	-122.2514854	East 12th Street, San Antonio, Oakland, Alameda County, California, 94606-3636, United States of America
32ND ST & WOOD ST	OAKLAND		CALIFORNIA	 USA	37.822820035658	-122.29024987774	32nd St & Wood St, Emeryville, California, 94608
E 12TH ST & LAKE MERRITT BLVD	OAKLAND		CALIFORNIA	 USA	37.798270027991	-122.25820988522	E 12th St & Lake Merritt Blvd, Oakland, California, 94606
BROOKDALE AV & COURTLAND AV	OAKLAND		CALIFORNIA	 USA	37.78172004399	-122.20320993206	Brookdale Ave & Courtland Ave, Oakland, California, 94619
19TH AV & INTERNATIONAL BLVD	OAKLAND		CALIFORNIA	 USA	37.786450035771	-122.24100988463	19th Ave & International Blvd, Oakland, California, 94606
1200 LAKESHORE AV	OAKLAND		CALIFORNIA	 USA	37.79876205	-122.25821271275	Lakeshore Apartments, 1200, Lakeshore Avenue, Civic Center, Oakland, Alameda County, California, 94606, United States of America
34TH ST & ELM ST	OAKLAND		CALIFORNIA	 USA	37.82220002628	-122.2652199223	34th St & Elm St, Oakland, California, 94609
7TH ST & BRUSH ST	OAKLAND		CALIFORNIA	 USA	37.802290030663	-122.28131988192	7th St & Brush St, Oakland, California, 94607
7TH ST & BRUSH ST	OAKLAND		CALIFORNIA	 USA	37.802290030663	-122.28131988192	7th St & Brush St, Oakland, California, 94607
51ST AV & SAN LEANDRO ST	OAKLAND		CALIFORNIA	 USA	37.765820034671	-122.21144992961	51st Ave & San Leandro St, Oakland, California, 94601
E 12TH ST & 23RD AV	OAKLAND		CALIFORNIA	 USA	37.783610037427	-122.23870989039	E 12th St & 23rd Ave, Oakland, California, 94606
4701 SAN LEANDRO ST	OAKLAND		CALIFORNIA	 USA	37.767979	-122.214131	4701, San Leandro Street, Melrose, Oakland, Alameda County, California, 94601, United States of America
NORTHGATE AV & SYCAMORE ST	OAKLAND		CALIFORNIA	 USA	37.81542003053	-122.27023992793	Northgate Ave & Sycamore St, Oakland, California, 94612
GRAND AV & HARRISON ST	OAKLAND		CALIFORNIA	 USA	37.8108208	-122.2626986	Grand Avenue & Harrison Street, Grand Avenue, Financial District, Oakland, Alameda County, California, 94612, United States of America
7TH ST & BRUSH ST	OAKLAND		CALIFORNIA	 USA	37.802290030663	-122.28131988192	7th St & Brush St, Oakland, California, 94607
7TH ST & BRUSH ST	OAKLAND		CALIFORNIA	 USA	37.802290030663	-122.28131988192	7th St & Brush St, Oakland, California, 94607
E 12TH ST & 29TH AV	OAKLAND		CALIFORNIA	 USA	37.778050027684	-122.2302798751	E 12th St & 29th Ave, Oakland, California, 94601
E 12TH ST & 22ND AV	OAKLAND		CALIFORNIA	 USA	37.783740040745	-122.23862992704	E 12th St & 22nd Ave, Oakland, California, 94606
5TH ST & OAK ST	OAKLAND		CALIFORNIA	 USA	37.8033798	-122.2907312	5th Street, South Prescott, Oakland, Alameda County, California, 94607, United States of America
7TH ST & MARKET ST	OAKLAND		CALIFORNIA	 USA	37.8025967	-122.2824617	7th Street & Market Street, 7th Street, Old Oakland Historic District, Oakland, Alameda County, California, 94607, United States of America
1995 EMBARCADERO	OAKLAND		CALIFORNIA	 USA	37.783791437521	-122.24328254167	1995, Embarcadero, San Antonio, Oakland, Alameda County, California, 94606, United States of America
18TH ST & CASTRO ST	OAKLAND		CALIFORNIA	 USA	37.809300025836	-122.27550988192	18th St & Castro St, Oakland, California, 94612
6TH ST & FRANKLIN ST	OAKLAND		CALIFORNIA	 USA	37.794281166667	-122.27587570833	6, Franklin Street, Jack London Square, Oakland, Alameda County, California, 94607, United States of America
69TH AV & SAN LEANDRO ST	OAKLAND		CALIFORNIA	 USA	37.755150039566	-122.19888989916	69th Ave & San Leandro St, Oakland, California, 94621
1112 29TH AV	OAKLAND		CALIFORNIA	 USA	37.776446526927	-122.23195354616	1112, 29th Avenue, Jingletown, Oakland, Alameda County, California, 94601, United States of America
55 SANTA CLARA AV	OAKLAND		CALIFORNIA	 USA	37.820388122449	-122.25494030612	55, Santa Clara Avenue, Harrison/Oakland, Oakland, Alameda County, California, 94610, United States of America
601 WEBSTER ST	OAKLAND		CALIFORNIA	 USA	37.798025	-122.272283	601, Webster Street, Chinatown, Oakland, Alameda County, California, 94607, United States of America
40TH ST & MANILA AV	OAKLAND		CALIFORNIA	 USA	37.828060024338	-122.25783990801	40th St & Manila Ave, Oakland, California, 94609
37TH AV & E 9TH ST	OAKLAND		CALIFORNIA	 USA	37.77193002299	-122.22347988851	37th Ave & E 9th St, Oakland, California, 94601
E 12TH ST & 20TH AV	OAKLAND		CALIFORNIA	 USA	37.7921407	-122.2514854	East 12th Street, San Antonio, Oakland, Alameda County, California, 94606-3636, United States of America
7TH ST & BRUSH ST	OAKLAND		CALIFORNIA	 USA	37.802290030663	-122.28131988192	7th St & Brush St, Oakland, California, 94607
7TH ST & BRUSH ST	OAKLAND		CALIFORNIA	 USA	37.802290030663	-122.28131988192	7th St & Brush St, Oakland, California, 94607
ALAMEDA AV & FRUITVALE AV	OAKLAND		CALIFORNIA	 USA	37.7680722	-122.2210434	Alameda Avenue, Fruitvale, Oakland, Alameda County, California, 94601, United States of America
7200 SAN LEANDRO ST	OAKLAND		CALIFORNIA	 USA	37.7722695	-122.2205966	San Leandro Street, Fruitvale, Oakland, Alameda County, California, 94601, United States of America
34TH ST & WOOD ST	OAKLAND		CALIFORNIA	 USA	37.824570051313	-122.2906398877	34th St & Wood St, Emeryville, California, 94608
23RD ST & MARTIN LUTHER KING JR WY	OAKLAND		CALIFORNIA	 USA	37.813260055991	-122.27254989663	23rd St & Martin Luther King Jr Way, Oakland, California, 94612
GRAND AV & HARRISON ST	OAKLAND		CALIFORNIA	 USA	37.8108208	-122.2626986	Grand Avenue & Harrison Street, Grand Avenue, Financial District, Oakland, Alameda County, California, 94612, United States of America
E 12TH ST & 46TH AV	OAKLAND		CALIFORNIA	 USA			
1900 E 12TH ST	OAKLAND		CALIFORNIA	 USA	37.7856814	-122.24129715468	American Emperor, 1900, East 12th Street, San Antonio, Oakland, Alameda County, California, 94606-3636, United States of America
5TH ST & MANDELA PKWY	OAKLAND		CALIFORNIA	 USA	37.803790056055	-122.29407990458	5th St & Mandela Pkwy, Oakland, California, 94607
34TH ST & SAN PABLO AV	OAKLAND		CALIFORNIA	 USA	37.825150037103	-122.27803987557	34th St & San Pablo Ave, Emeryville, California, 94608
1608 26TH ST	OAKLAND		CALIFORNIA	 USA	37.82093155102	-122.28942826531	1608, 26th Street, Hoover-Foster, Oakland, Alameda County, California, 94607, United States of America
7TH ST & BRUSH ST	OAKLAND		CALIFORNIA	 USA	37.802290030663	-122.28131988192	7th St & Brush St, Oakland, California, 94607
NB HIGH OFFRP ST & NB I880	OAKLAND		CALIFORNIA	 USA	37.768380035538	-122.22012989326	High St & I-880 N, Oakland, California, 94601
E 12TH ST & 23RD AV	OAKLAND		CALIFORNIA	 USA	37.783610037427	-122.23870989039	E 12th St & 23rd Ave, Oakland, California, 94606
E 12TH ST & 17TH AV	OAKLAND		CALIFORNIA	 USA	37.786880027404	-122.24388990656	E 12th St & 17th Ave, Oakland, California, 94606
BROADWAY & NB I880	OAKLAND		CALIFORNIA	 USA	37.798600023519	-122.27474989475	Broadway & I-880 N, Oakland, California, 94607
66TH AV & SAN LEANDRO ST	OAKLAND		CALIFORNIA	 USA	37.756810033581	-122.20077993451	66th Ave & San Leandro St, Oakland, California, 94621
54TH AV & SAN LEANDRO ST	OAKLAND		CALIFORNIA	 USA	37.7642800276	-122.20963994144	54th Ave & San Leandro St, Oakland, California, 94601
47TH AV & SAN LEANDRO ST	OAKLAND		CALIFORNIA	 USA	37.768170026954	-122.21418988994	47th Ave & San Leandro St, Oakland, California, 94601
22ND ST & BRUSH ST	OAKLAND		CALIFORNIA	 USA	37.812350032764	-122.27508994857	22nd St & Brush St, Oakland, California, 94612
HIGH ST & JENSEN ST	OAKLAND		CALIFORNIA	 USA	37.7673911	-122.2214367	Jensen Street, Fruitvale, Oakland, Alameda County, California, 94601, United States of America
HEGENBERGER OFFRP & SAN LEANDRO ST	OAKLAND		CALIFORNIA	 USA	37.752530024272	-122.19579991055	Hegenberger Rd & San Leandro St, Oakland, California, 94621
7TH ST & BRUSH ST	OAKLAND		CALIFORNIA	 USA	37.802290030663	-122.28131988192	7th St & Brush St, Oakland, California, 94607
6TH ST & BRUSH ST	OAKLAND		CALIFORNIA	 USA	37.8129958	-122.2746758	Brush Street, San Pablo Gateway, Oakland, Alameda County, California, 94612-2202, United States of America
23RD ST & HARRISON ST	OAKLAND		CALIFORNIA	 USA	37.811470058659	-122.26220989705	23rd St & Harrison St, Oakland, California, 94612
22ND ST & BRUSH ST	OAKLAND		CALIFORNIA	 USA	37.812350032764	-122.27508994857	22nd St & Brush St, Oakland, California, 94612
23RD ST & BRUSH ST	OAKLAND		CALIFORNIA	 USA	37.813330044883	-122.27442995751	23rd St & Brush St, Oakland, California, 94612
7TH ST & BROADWAY	OAKLAND		CALIFORNIA	 USA	37.799490055907	-122.2741898998	7th St & Broadway, Oakland, California, 94607
3800 MANILA AV	OAKLAND		CALIFORNIA	 USA	37.826445	-122.258667	3800, Manila Avenue, Broadway Auto Row, Oakland, Alameda County, California, 94609, United States of America
3601 TELEGRAPH AV	OAKLAND		CALIFORNIA	 USA	37.8372721	-122.2623213	Telegraph Avenue, Temescal, Oakland, Alameda County, California, 94609, United States of America
NORTHGATE AV & SYCAMORE ST	OAKLAND		CALIFORNIA	 USA	37.81542003053	-122.27023992793	Northgate Ave & Sycamore St, Oakland, California, 94612
34TH ST & BROADWAY	OAKLAND		CALIFORNIA	 USA	37.8220255	-122.261826	34th Street, Oak Glen Park, Oakland, Alameda County, California, 94609, United States of America
5TH ST & BROADWAY	OAKLAND		CALIFORNIA	 USA	37.798160057421	-122.2750399086	5th St & Broadway, Oakland, California, 94607
98TH AV & SAN LEANDRO ST	OAKLAND		CALIFORNIA	 USA	37.739180041356	-122.17975988154	98th Ave & San Leandro St, Oakland, California, 94603
34TH ST & ANDOVER ST	OAKLAND		CALIFORNIA	 USA	37.821980043232	-122.26417989575	34th St & Andover St, Oakland, California, 94609
24TH ST & NORTHGATE AV	OAKLAND		CALIFORNIA	 USA	37.813800060104	-122.27059993067	24th St & Northgate Ave, Oakland, California, 94612
7TH ST & BRUSH ST	OAKLAND		CALIFORNIA	 USA	37.802290030663	-122.28131988192	7th St & Brush St, Oakland, California, 94607
E 12TH ST & 29TH AV	OAKLAND		CALIFORNIA	 USA	37.778050027684	-122.2302798751	E 12th St & 29th Ave, Oakland, California, 94601
NORTHGATE AV & SYCAMORE ST	OAKLAND		CALIFORNIA	 USA	37.81542003053	-122.27023992793	Northgate Ave & Sycamore St, Oakland, California, 94612
NORTHGATE AV & SYCAMORE ST	OAKLAND		CALIFORNIA	 USA	37.81542003053	-122.27023992793	Northgate Ave & Sycamore St, Oakland, California, 94612
2103 SAN PABLO AV	OAKLAND		CALIFORNIA	 USA	37.811662959184	-122.27361361225	2103, San Pablo Avenue, San Pablo Gateway, Oakland, Alameda County, California, 94612, United States of America
3RD ST & CHESTER ST	OAKLAND		CALIFORNIA	 USA	37.802860041988	-122.29699990819	3rd St & Chester St, Oakland, California, 94607
W GRAND AV & MARITIME ST	OAKLAND		CALIFORNIA	 USA	37.822640034288	-122.30041989232	W Grand Ave & Maritime St, Oakland, California, 94607
2301 EMBARCADERO	OAKLAND		CALIFORNIA	 USA	37.779186	-122.242721	2301, Embarcadero, Jingletown, Oakland, Alameda County, California, 94606, United States of America
34TH ST & ANDOVER ST	OAKLAND		CALIFORNIA	 USA	37.821980043232	-122.26417989575	34th St & Andover St, Oakland, California, 94609
3400 TELEGRAPH AV	OAKLAND		CALIFORNIA	 USA	37.8227363	-122.26550250755	Walgreens, 3400, Telegraph Avenue, Mosswood, Oakland, Alameda County, California, 94609, United States of America
34TH ST & WOOD ST	OAKLAND		CALIFORNIA	 USA	37.824570051313	-122.2906398877	34th St & Wood St, Emeryville, California, 94608
55 SANTA CLARA AV	OAKLAND		CALIFORNIA	 USA	37.820388122449	-122.25494030612	55, Santa Clara Avenue, Harrison/Oakland, Oakland, Alameda County, California, 94610, United States of America
5TH AV & EMBARCADERO	OAKLAND		CALIFORNIA	 USA	37.790170050128	-122.26002993167	5th Ave & Embarcadero, Oakland, California, 94606
E 12TH ST & 19TH AV	OAKLAND		CALIFORNIA	 USA	37.7921407	-122.2514854	East 12th Street, San Antonio, Oakland, Alameda County, California, 94606-3636, United States of America
W GRAND AV & NB I880 CONN	OAKLAND		CALIFORNIA	 USA	37.819280022671	-122.29438995118	W Grand Ave & I-880 N, Oakland, California, 94607
6TH ST & WEBSTER ST	OAKLAND		CALIFORNIA	 USA	37.7972411	-122.2728657	Webster Street, Jack London Square, Oakland, Alameda County, California, 94607, United States of America
5TH ST & JACKSON ST	OAKLAND		CALIFORNIA	 USA	37.795790032389	-122.26908993082	5th St & Jackson St, Oakland, California, 94607
E 12TH ST & 29TH AV	OAKLAND		CALIFORNIA	 USA	37.778050027684	-122.2302798751	E 12th St & 29th Ave, Oakland, California, 94601
E 12TH ST & 14TH AV	OAKLAND		CALIFORNIA	 USA	37.7921407	-122.2514854	East 12th Street, San Antonio, Oakland, Alameda County, California, 94606-3636, United States of America
5TH ST & BROADWAY	OAKLAND		CALIFORNIA	 USA	37.798160057421	-122.2750399086	5th St & Broadway, Oakland, California, 94607
1006 JEFFERSON ST	OAKLAND		CALIFORNIA	 USA	37.803081724317	-122.27636218062	1006, Jefferson Street, Old Oakland Historic District, Oakland, Alameda County, California, 94607, United States of America
36TH ST & MARTIN LUTHER KING JR WY	OAKLAND		CALIFORNIA	 USA	37.825080048211	-122.26958991134	36th St & Martin Luther King Jr Way, Oakland, California, 94609
32ND ST & WOOD ST	OAKLAND		CALIFORNIA	 USA	37.822820035658	-122.29024987774	32nd St & Wood St, Emeryville, California, 94608
11TH ST & BRUSH ST	OAKLAND		CALIFORNIA	 USA	37.8052283	-122.2802435	11th Street & Brush Street, 11th Street, Old Oakland Historic District, Oakland, Alameda County, California, 94607, United States of America
5TH ST & MARKET ST	OAKLAND		CALIFORNIA	 USA	37.8011607	-122.2829743	5th Street & Market Street, 5th Street, Jack London Square, Oakland, Alameda County, California, 94607, United States of America
E 12TH ST & 16TH AV	OAKLAND		CALIFORNIA	 USA	37.7921407	-122.2514854	East 12th Street, San Antonio, Oakland, Alameda County, California, 94606-3636, United States of America
1101 EMBARCADERO WEST	OAKLAND		CALIFORNIA	 USA	37.798672417792	-122.28959139694	1101, Embarcadero West, United Intermodal Service West Oakland Yard, Oakland, Alameda County, California, 94607, United States of America
MARTIN LUTHER KING JR WY & SYCAMORE ST	OAKLAND		CALIFORNIA	 USA	37.815650029953	-122.27196995275	Martin Luther King Jr Way & Sycamore St, Oakland, California, 94612
W GRAND AV & WOOD ST	OAKLAND		CALIFORNIA	 USA	37.818710053255	-122.29348990242	W Grand Ave & Wood St, Oakland, California, 94607
414 HALE AV	OAKLAND		CALIFORNIA	 USA	37.732419853493	-122.18088786187	414, Hale Avenue, Brookfield Village, Oakland, Alameda County, California, 94603, United States of America
6TH ST & MARTIN LUTHER KING JR WY	OAKLAND		CALIFORNIA	 USA	37.800680034701	-122.27937989043	6th St & Martin Luther King Jr Way, Oakland, California, 94607
12TH ST & WB I980	OAKLAND		CALIFORNIA	 USA	37.805500048122	-122.27853993991	12th St & I-980 E, Oakland, California, 94607
600 HARRISON ST	OAKLAND		CALIFORNIA	 USA	37.797353	-122.270993	600, Harrison Street, Chinatown, Oakland, Alameda County, California, 94612, United States of America
E 16TH ST & FRUITVALE AV	OAKLAND		CALIFORNIA	 USA	37.7823976	-122.229922	East 16th Street, Fruitvale, Oakland, Alameda County, California, 94601, United States of America
5TH ST & FILBERT ST	OAKLAND		CALIFORNIA	 USA	37.801850022656	-122.28549993703	5th St & Filbert St, Oakland, California, 94607
3775 ALAMEDA AV	OAKLAND		CALIFORNIA	 USA	37.768059019121	-122.2248150418	3775, Alameda Avenue, Oakland, Alameda County, California, 94601, United States of America
7TH ST & CASTRO ST	OAKLAND		CALIFORNIA	 USA	37.801740052086	-122.27994994367	7th St & Castro St, Oakland, California, 94607
5920 SAN PABLO AV	OAKLAND		CALIFORNIA	 USA	37.8424963	-122.2833663	Style Cleaners, 5920, San Pablo Avenue, Golden Gate, Oakland, Alameda County, California, 94608, United States of America
ADAMS ST & MACARTHUR BLVD	OAKLAND		CALIFORNIA	 USA	37.816190034065	-122.25231992186	Adams St & MacArthur Blvd, Oakland, California, 94610
7TH ST & BRUSH ST	OAKLAND		CALIFORNIA	 USA	37.802290030663	-122.28131988192	7th St & Brush St, Oakland, California, 94607
E 12TH ST & 18TH AV	OAKLAND		CALIFORNIA	 USA	37.786290025239	-122.24283990555	E 12th St & 18th Ave, Oakland, California, 94606
5TH ST & WEBSTER ST	OAKLAND		CALIFORNIA	 USA	37.797130047249	-122.27267989995	5th St & Webster St, Oakland, California, 94607
6TH ST & WEBSTER ST	OAKLAND		CALIFORNIA	 USA	37.7972411	-122.2728657	Webster Street, Jack London Square, Oakland, Alameda County, California, 94607, United States of America
EMBARCADERO & OAK ST	OAKLAND		CALIFORNIA	 USA	37.7885758	-122.2528341	Embarcadero, San Antonio, Oakland, Alameda County, California, 94606-3636, United States of America
4TH ST & FALLON ST	OAKLAND		CALIFORNIA	 USA	37.793980044217	-122.26581989893	4th St & Fallon St, Oakland, California, 94607
66TH AV & SAN LEANDRO ST	OAKLAND		CALIFORNIA	 USA	37.756810033581	-122.20077993451	66th Ave & San Leandro St, Oakland, California, 94621
26TH ST & WOOD ST	OAKLAND		CALIFORNIA	 USA			
4TH ST & FRANKLIN ST	OAKLAND		CALIFORNIA	 USA	37.8006532	-122.2836868	4th Street, Old Oakland Historic District, Oakland, Alameda County, California, 94607, United States of America
