"Encampment Fires_ January 1, 2020 to April 20 2021",,,
Incident Type Description,Address,Create Date Only,Event Number
ENCAMPMENT /OUTSIDE,5TH ST&BROADWAY,"January, 1 2020",FOF200101000241
ENCAMPMENT /OUTSIDE,CLAREMONT AV&HUDSON ST,"January, 1 2020",FOF200101000260
ENCAMPMENT /OUTSIDE,860 77TH AV,"January, 2 2020",FOF200102000291
ENCAMPMENT /OUTSIDE,860 77TH AV,"January, 2 2020",FOF200102000301
ENCAMPMENT /OUTSIDE,E 10TH ST&9TH AV,"January, 2 2020",FOF200102000331
ENCAMPMENT /OUTSIDE,27TH ST&MARTIN LUTHER KING JR WY,"January, 2 2020",FOF200102000349
ENCAMPMENT /OUTSIDE,107TH AV&RUSSETT ST,"January, 2 2020",FOF200102000392
ENCAMPMENT /OUTSIDE,6TH ST&JACKSON ST,"January, 2 2020",FOF200102000536
ENCAMPMENT /OUTSIDE,800 47TH AV,"January, 3 2020",FOF200103000547
ENCAMPMENT /OUTSIDE,DENNISON ST&EMBARCADERO,"January, 3 2020",FOF200103000617
ENCAMPMENT /OUTSIDE,5TH ST&WEBSTER ST,"January, 3 2020",FOF200103000779
ENCAMPMENT /OUTSIDE,47TH AV&SAN LEANDRO ST,"January, 5 2020",FOF200105001231
ENCAMPMENT /OUTSIDE,HIGH ST&MACARTHUR BLVD,"January, 6 2020",FOF200106001320
ENCAMPMENT /OUTSIDE,42ND AV&WATTLING ST,"January, 7 2020",FOF200107001570
ENCAMPMENT /OUTSIDE,50TH AV&SAN LEANDRO ST,"January, 7 2020",FOF200107001634
ENCAMPMENT /OUTSIDE,5TH ST&BROADWAY,"January, 7 2020",FOF200107001653
ENCAMPMENT /OUTSIDE,CASTRO ST&SAN PABLO AV,"January, 7 2020",FOF200107001668
ENCAMPMENT /OUTSIDE,9603 INTERNATIONAL BLVD,"January, 7 2020",FOF200107001806
ENCAMPMENT /OUTSIDE,5TH ST&KIRKHAM ST,"January, 7 2020",FOF200107001808
ENCAMPMENT /OUTSIDE,E 10TH ST&2ND AV,"January, 8 2020",FOF200108001881
ENCAMPMENT /OUTSIDE,E 10TH ST&2ND AV,"January, 8 2020",FOF200108001979
ENCAMPMENT /OUTSIDE,12TH ST&LAKE MERRITT BLVD,"January, 10 2020",FOF200110002428
ENCAMPMENT /OUTSIDE,SAN LEANDRO ST&SEMINARY AV,"January, 10 2020",FOF200110002523
ENCAMPMENT /OUTSIDE,34TH ST&HOLLIS ST,"January, 10 2020",FOF200110002573
ENCAMPMENT /OUTSIDE,NORTHGATE AV&SYCAMORE ST,"January, 11 2020",FOF200111002896
ENCAMPMENT /OUTSIDE,6TH ST&ALICE ST,"January, 11 2020",FOF200111002898
ENCAMPMENT /OUTSIDE,6TH ST&WEBSTER ST,"January, 11 2020",FOF200111002899
ENCAMPMENT /OUTSIDE,34TH ST&TELEGRAPH AV,"January, 13 2020",FOF200113003177
ENCAMPMENT /OUTSIDE,EB CLAREMONT OFFRP AV&EB S24,"January, 13 2020",FOF200113003350
ENCAMPMENT /OUTSIDE,30TH ST&MARTIN LUTHER KING JR WY,"January, 14 2020",FOF200114003399
ENCAMPMENT /OUTSIDE,6TH ST&WEBSTER ST,"January, 15 2020",FOF200115003744
ENCAMPMENT /OUTSIDE,3505 BROADWAY,"January, 15 2020",FOF200115003818
ENCAMPMENT /OUTSIDE,7TH ST&WEBSTER ST,"January, 15 2020",FOF200115003840
ENCAMPMENT /OUTSIDE,4TH ST&WEBSTER ST,"January, 16 2020",FOF200116003975
ENCAMPMENT /OUTSIDE,42ND AV&INTERNATIONAL BLVD,"January, 16 2020",FOF200116004014
ENCAMPMENT /OUTSIDE,7TH ST&WEBSTER ST,"January, 16 2020",FOF200116004035
ENCAMPMENT /OUTSIDE,6TH ST&WEBSTER ST,"January, 17 2020",FOF200117004388
ENCAMPMENT /OUTSIDE,2756 MARTIN LUTHER KING JR WY,"January, 18 2020",FOF200118004605
ENCAMPMENT /OUTSIDE,W GRAND AV&MARITIME ST,"January, 19 2020",FOF200119004905
ENCAMPMENT /OUTSIDE,W GRAND AV&MARITIME ST,"January, 19 2020",FOF200119004915
ENCAMPMENT /OUTSIDE,630 HIGH ST,"January, 20 2020",FOF200120004924
ENCAMPMENT /OUTSIDE,47TH AV&BANCROFT AV,"January, 20 2020",FOF200120005103
ENCAMPMENT /OUTSIDE,45TH AV&BANCROFT AV,"January, 20 2020",FOF200120005140
ENCAMPMENT /OUTSIDE,E 7TH ST&FRUITVALE AV,"January, 20 2020",FOF200120005147
ENCAMPMENT /OUTSIDE,HAWTHORNE AV&SUMMIT ST,"January, 21 2020",FOF200121005256
ENCAMPMENT /OUTSIDE,34TH ST&WEBSTER ST,"January, 21 2020",FOF200121005265
ENCAMPMENT /OUTSIDE,7TH ST&BRUSH ST,"January, 22 2020",FOF200122005532
ENCAMPMENT /OUTSIDE,W GRAND AV&MARTIN LUTHER KING JR WY,"January, 23 2020",FOF200123005831
ENCAMPMENT /OUTSIDE,W GRAND AV&MARTIN LUTHER KING JR WY,"January, 23 2020",FOF200123005832
ENCAMPMENT /OUTSIDE,37TH ST&MARTIN LUTHER KING JR WY,"January, 23 2020",FOF200123005867
ENCAMPMENT /OUTSIDE,171 8TH ST,"January, 23 2020",FOF200123005963
ENCAMPMENT /OUTSIDE,ALAMEDA AV&FRUITVALE AV,"January, 23 2020",FOF200123005972
ENCAMPMENT /OUTSIDE,7TH ST&KIRKHAM ST,"January, 24 2020",FOF200124006046
ENCAMPMENT /OUTSIDE,11143 ROBLEDO DR,"January, 24 2020",FOF200124006155
ENCAMPMENT /OUTSIDE,82ND AV&RUDSDALE ST,"January, 25 2020",FOF200125006443
ENCAMPMENT /OUTSIDE,E 8TH ST&E 9TH ST,"January, 25 2020",FOF200125006498
ENCAMPMENT /OUTSIDE,ROYAL ST&SAN LEANDRO ST,"January, 26 2020",FOF200126006571
ENCAMPMENT /OUTSIDE,12TH ST&LAKE MERRITT BLVD,"January, 26 2020",FOF200126006638
ENCAMPMENT /OUTSIDE,98TH AV&B ST,"January, 26 2020",FOF200126006692
ENCAMPMENT /OUTSIDE,66TH AV&SAN LEANDRO ST,"January, 27 2020",FOF200127006848
ENCAMPMENT /OUTSIDE,35TH ST&MARTIN LUTHER KING JR WY,"January, 27 2020",FOF200127006857
ENCAMPMENT /OUTSIDE,HARRISON ST&MACARTHUR BLVD,"January, 27 2020",FOF200127006981
ENCAMPMENT /OUTSIDE,54TH AV&SAN LEANDRO ST,"January, 28 2020",FOF200128007006
ENCAMPMENT /OUTSIDE,CLAREMONT AV&HUDSON ST,"January, 28 2020",FOF200128007029
ENCAMPMENT /OUTSIDE,11TH ST&BRUSH ST,"January, 28 2020",FOF200128007070
ENCAMPMENT /OUTSIDE,DENNISON ST&EMBARCADERO,"January, 29 2020",FOF200129007458
ENCAMPMENT /OUTSIDE,CASTRO ST&SAN PABLO AV,"January, 30 2020",FOF200130007653
ENCAMPMENT /OUTSIDE,12TH ST&BRUSH ST,"January, 31 2020",FOF200131007871
ENCAMPMENT /OUTSIDE,54TH AV&SAN LEANDRO ST,"February, 1 2020",FOF200201008165
ENCAMPMENT /OUTSIDE,34TH ST&TELEGRAPH AV,"February, 1 2020",FOF200201008216
ENCAMPMENT /OUTSIDE,25TH ST&NORTHGATE AV,"February, 1 2020",FOF200201008227
ENCAMPMENT /OUTSIDE,105TH AV&SAN LEANDRO ST,"February, 2 2020",FOF200202008443
ENCAMPMENT /OUTSIDE,8451 SAN LEANDRO ST,"February, 3 2020",FOF200203008644
ENCAMPMENT /OUTSIDE,54TH AV&SAN LEANDRO ST,"February, 4 2020",FOF200204009033
ENCAMPMENT /OUTSIDE,6TH ST&FRANKLIN ST,"February, 6 2020",FOF200206009311
ENCAMPMENT /OUTSIDE,23RD ST&MARTIN LUTHER KING JR WY,"February, 7 2020",FOF200207009594
ENCAMPMENT /OUTSIDE,47TH AV&SAN LEANDRO ST,"February, 7 2020",FOF200207009807
ENCAMPMENT /OUTSIDE,66TH AV&COLISEUM WY,"February, 8 2020",FOF200208009823
ENCAMPMENT /OUTSIDE,600 HARRISON ST,"February, 8 2020",FOF200208009840
ENCAMPMENT /OUTSIDE,36TH ST&MARTIN LUTHER KING JR WY,"February, 8 2020",FOF200208009863
ENCAMPMENT /OUTSIDE,275 7TH ST,"February, 9 2020",FOF200209010347
ENCAMPMENT /OUTSIDE,NORTHGATE AV&SYCAMORE ST,"February, 10 2020",FOF200210010559
ENCAMPMENT /OUTSIDE,36TH ST&MARKET ST,"February, 10 2020",FOF200210010578
ENCAMPMENT /OUTSIDE,2100 EMBARCADERO,"February, 10 2020",FOF200210010622
ENCAMPMENT /OUTSIDE,1995 EMBARCADERO,"February, 11 2020",FOF200211010781
ENCAMPMENT /OUTSIDE,12TH ST&LAKE MERRITT BLVD,"February, 11 2020",FOF200211010787
ENCAMPMENT /OUTSIDE,34TH ST&WOOD ST,"February, 11 2020",FOF200211010953
ENCAMPMENT /OUTSIDE,5TH ST&BROADWAY,"February, 11 2020",FOF200211010975
ENCAMPMENT /OUTSIDE,3601 TELEGRAPH AV,"February, 12 2020",FOF200212011044
ENCAMPMENT /OUTSIDE,1925 BRUSH ST,"February, 12 2020",FOF200212011079
ENCAMPMENT /OUTSIDE,85TH AV&SAN LEANDRO ST,"February, 13 2020",FOF200213011296
ENCAMPMENT /OUTSIDE,DENNISON ST&EMBARCADERO,"February, 13 2020",FOF200213011450
ENCAMPMENT /OUTSIDE,2100 EMBARCADERO,"February, 13 2020",FOF200213011455
ENCAMPMENT /OUTSIDE,6TH ST&WEBSTER ST,"February, 17 2020",FOF200217012282
ENCAMPMENT /OUTSIDE,29TH ST&TELEGRAPH AV,"February, 17 2020",FOF200217012373
ENCAMPMENT /OUTSIDE,47TH AV&SAN LEANDRO ST,"February, 17 2020",FOF200217012451
ENCAMPMENT /OUTSIDE,7TH ST&BRUSH ST,"February, 17 2020",FOF200217012460
ENCAMPMENT /OUTSIDE,23RD ST&MARTIN LUTHER KING JR WY,"February, 18 2020",FOF200218012557
ENCAMPMENT /OUTSIDE,36TH ST&MARTIN LUTHER KING JR WY,"February, 18 2020",FOF200218012729
ENCAMPMENT /OUTSIDE,E 12TH ST&16TH AV,"February, 18 2020",FOF200218012761
ENCAMPMENT /OUTSIDE,34TH ST&TELEGRAPH AV,"February, 19 2020",FOF200219013043
ENCAMPMENT /OUTSIDE,ALAMEDA AV&HIGH ST,"February, 20 2020",FOF200220013291
ENCAMPMENT /OUTSIDE,34TH ST&TELEGRAPH AV,"February, 20 2020",FOF200220013329
ENCAMPMENT /OUTSIDE,23RD ST&BRUSH ST,"February, 21 2020",FOF200221013459
ENCAMPMENT /OUTSIDE,HOLLIS ST&W MACARTHUR BLVD,"February, 23 2020",FOF200223013966
ENCAMPMENT /OUTSIDE,7TH ST&BRUSH ST,"February, 24 2020",FOF200224014198
ENCAMPMENT /OUTSIDE,2000 DENNISON ST,"February, 24 2020",FOF200224014271
ENCAMPMENT /OUTSIDE,85TH AV&SAN LEANDRO ST,"February, 25 2020",FOF200225014406
ENCAMPMENT /OUTSIDE,900 FALLON ST,"February, 25 2020",FOF200225014578
ENCAMPMENT /OUTSIDE,7TH ST&BRUSH ST,"February, 25 2020",FOF200225014604
ENCAMPMENT /OUTSIDE,8511 SAN LEANDRO ST,"February, 26 2020",FOF200226014735
ENCAMPMENT /OUTSIDE,E 12TH ST&19TH AV,"February, 26 2020",FOF200226014747
ENCAMPMENT /OUTSIDE,85TH AV&SAN LEANDRO ST,"February, 26 2020",FOF200226014824
ENCAMPMENT /OUTSIDE,7TH ST&ALICE ST,"February, 26 2020",FOF200226014889
ENCAMPMENT /OUTSIDE,34TH ST&WEBSTER ST,"February, 28 2020",FOF200228015317
ENCAMPMENT /OUTSIDE,1577 BEACH ST,"February, 28 2020",FOF200228015356
ENCAMPMENT /OUTSIDE,ALAMEDA AV&FRUITVALE AV,"February, 28 2020",FOF200228015475
ENCAMPMENT /OUTSIDE,MARTIN LUTHER KING JR WY&SYCAMORE ST,"February, 29 2020",FOF200229015626
ENCAMPMENT /OUTSIDE,7TH ST&MARKET ST,"February, 29 2020",FOF200229015716
ENCAMPMENT /OUTSIDE,7TH ST&BRUSH ST,"March, 1 2020",FOF200301015826
ENCAMPMENT /OUTSIDE,7TH ST&BRUSH ST,"March, 1 2020",FOF200301015955
ENCAMPMENT /OUTSIDE,85TH AV&SAN LEANDRO ST,"March, 2 2020",FOF200302016009
ENCAMPMENT /OUTSIDE,29TH AV&SB I880,"March, 2 2020",FOF200302016039
ENCAMPMENT /OUTSIDE,SB 23RD OFFRP AV&SB I880,"March, 2 2020",FOF200302016044
ENCAMPMENT /OUTSIDE,E 12TH ST&19TH AV,"March, 4 2020",FOF200304016598
ENCAMPMENT /OUTSIDE,WB 12TH/14TH OFFRP ST&WB I980,"March, 4 2020",FOF200304016668
ENCAMPMENT /OUTSIDE,23RD ST&MARTIN LUTHER KING JR WY,"March, 4 2020",FOF200304016722
ENCAMPMENT /OUTSIDE,11TH ST&BRUSH ST,"March, 4 2020",FOF200304016725
ENCAMPMENT /OUTSIDE,GRAND AV&HARRISON ST,"March, 5 2020",FOF200305016857
ENCAMPMENT /OUTSIDE,GRAND AV&HARRISON ST,"March, 5 2020",FOF200305016858
ENCAMPMENT /OUTSIDE,6TH ST&WEBSTER ST,"March, 5 2020",FOF200305016877
ENCAMPMENT /OUTSIDE,6TH ST&ALICE ST,"March, 5 2020",FOF200305016893
ENCAMPMENT /OUTSIDE,136 E 12TH ST,"March, 5 2020",FOF200305017089
ENCAMPMENT /OUTSIDE,3250 LAKESHORE AV,"March, 6 2020",FOF200306017156
ENCAMPMENT /OUTSIDE,550 SYCAMORE ST,"March, 6 2020",FOF200306017235
ENCAMPMENT /OUTSIDE,E 17TH ST&62ND AV,"March, 7 2020",FOF200307017614
ENCAMPMENT /OUTSIDE,5TH ST&ADELINE ST,"March, 8 2020",FOF200308017783
ENCAMPMENT /OUTSIDE,NB I880&JACKSON ST,"March, 9 2020",FOF200309017913
ENCAMPMENT /OUTSIDE,11TH ST&PINE ST,"March, 10 2020",FOF200310018151
ENCAMPMENT /OUTSIDE,E 12TH ST&LAKE MERRITT BLVD,"March, 10 2020",FOF200310018262
ENCAMPMENT /OUTSIDE,50TH AV&SAN LEANDRO ST,"March, 10 2020",FOF200310018315
ENCAMPMENT /OUTSIDE,132 E 12TH ST,"March, 11 2020",FOF200311018549
ENCAMPMENT /OUTSIDE,7TH ST&BRUSH ST,"March, 11 2020",FOF200311018604
ENCAMPMENT /OUTSIDE,2020 BRUSH ST,"March, 12 2020",FOF200312018749
ENCAMPMENT /OUTSIDE,HIGH ST&NB I880,"March, 12 2020",FOF200312018770
ENCAMPMENT /OUTSIDE,66TH AV&NB I880,"March, 12 2020",FOF200312018839
ENCAMPMENT /OUTSIDE,34TH ST&MARTIN LUTHER KING JR WY,"March, 13 2020",FOF200313018944
ENCAMPMENT /OUTSIDE,5TH ST&JACKSON ST,"March, 14 2020",FOF200314019447
ENCAMPMENT /OUTSIDE,37TH ST&MARTIN LUTHER KING JR WY,"March, 15 2020",FOF200315019513
ENCAMPMENT /OUTSIDE,E 12TH ST&19TH AV,"March, 15 2020",FOF200315019637
ENCAMPMENT /OUTSIDE,11TH ST&BRUSH ST,"March, 15 2020",FOF200315019645
ENCAMPMENT /OUTSIDE,790 54TH AV,"March, 16 2020",FOF200316019883
ENCAMPMENT /OUTSIDE,24TH ST&UNION ST,"March, 16 2020",FOF200316019968
ENCAMPMENT /OUTSIDE,6TH ST&BROADWAY,"March, 17 2020",FOF200317020019
ENCAMPMENT /OUTSIDE,E 8TH ST&FRUITVALE AV,"March, 17 2020",FOF200317020048
ENCAMPMENT /OUTSIDE,6TH ST&ALICE ST,"March, 18 2020",FOF200318020276
ENCAMPMENT /OUTSIDE,575 INDEPENDENT RD,"March, 19 2020",FOF200319020549
ENCAMPMENT /OUTSIDE,E 12TH ST&1ST AV,"March, 19 2020",FOF200319020653
ENCAMPMENT /OUTSIDE,COLISEUM WY&NB HIGH OFFRP ST,"March, 20 2020",FOF200320020696
ENCAMPMENT /OUTSIDE,NORTHGATE AV&SYCAMORE ST,"March, 20 2020",FOF200320020803
ENCAMPMENT /OUTSIDE,6TH ST&MADISON ST,"March, 22 2020",FOF200322021276
ENCAMPMENT /OUTSIDE,7TH ST&HARRISON ST,"March, 23 2020",FOF200323021368
ENCAMPMENT /OUTSIDE,47TH AV&SAN LEANDRO ST,"March, 23 2020",FOF200323021459
ENCAMPMENT /OUTSIDE,COLISEUM WY&HIGH ST,"March, 24 2020",FOF200324021576
ENCAMPMENT /OUTSIDE,E 12TH ST&29TH AV,"March, 24 2020",FOF200324021595
ENCAMPMENT /OUTSIDE,E 12TH ST&22ND AV,"March, 25 2020",FOF200325021800
ENCAMPMENT /OUTSIDE,E 12TH ST&23RD AV,"March, 25 2020",FOF200325021841
ENCAMPMENT /OUTSIDE,E 12TH ST&19TH AV,"March, 25 2020",FOF200325021847
ENCAMPMENT /OUTSIDE,6TH ST&JACKSON ST,"March, 25 2020",FOF200325022011
ENCAMPMENT /OUTSIDE,200 105TH AV,"March, 26 2020",FOF200326022095
ENCAMPMENT /OUTSIDE,34TH ST&SAN PABLO AV,"March, 26 2020",FOF200326022200
ENCAMPMENT /OUTSIDE,7TH ST&BRUSH ST,"March, 27 2020",FOF200327022395
ENCAMPMENT /OUTSIDE,GRAND AV&HARRISON ST,"March, 27 2020",FOF200327022415
ENCAMPMENT /OUTSIDE,7200 SAN LEANDRO ST,"March, 27 2020",FOF200327022436
ENCAMPMENT /OUTSIDE,E 12TH ST&26TH AV,"March, 27 2020",FOF200327022459
ENCAMPMENT /OUTSIDE,37TH ST&MARTIN LUTHER KING JR WY,"March, 28 2020",FOF200328022608
ENCAMPMENT /OUTSIDE,1710 E 12TH ST,"March, 28 2020",FOF200328022677
ENCAMPMENT /OUTSIDE,5TH ST&BROADWAY,"March, 28 2020",FOF200328022701
ENCAMPMENT /OUTSIDE,34TH ST&TELEGRAPH AV,"March, 29 2020",FOF200329022863
ENCAMPMENT /OUTSIDE,W GRAND AV&MARTIN LUTHER KING JR WY,"March, 30 2020",FOF200330022939
ENCAMPMENT /OUTSIDE,24TH ST&MARTIN LUTHER KING JR WY,"March, 30 2020",FOF200330022968
ENCAMPMENT /OUTSIDE,8451 SAN LEANDRO ST,"March, 31 2020",FOF200331023325
ENCAMPMENT /OUTSIDE,E 12TH ST&19TH AV,"April, 1 2020",FOF200401023402
ENCAMPMENT /OUTSIDE,E 12TH ST&19TH AV,"April, 2 2020",FOF200402023834
ENCAMPMENT /OUTSIDE,E 12TH ST&19TH AV,"April, 3 2020",FOF200403023979
ENCAMPMENT /OUTSIDE,HOLLIS ST&W MACARTHUR BLVD,"April, 3 2020",FOF200403024051
ENCAMPMENT /OUTSIDE,37TH AV&E 9TH ST,"April, 4 2020",FOF200404024210
ENCAMPMENT /OUTSIDE,44TH ST&MARTIN LUTHER KING JR WY,"April, 8 2020",FOF200408025053
ENCAMPMENT /OUTSIDE,25TH ST&NORTHGATE AV,"April, 9 2020",FOF200409025212
ENCAMPMENT /OUTSIDE,11TH ST&BRUSH ST,"April, 9 2020",FOF200409025249
ENCAMPMENT /OUTSIDE,11TH ST&BRUSH ST,"April, 10 2020",FOF200410025523
ENCAMPMENT /OUTSIDE,E 12TH ST&18TH AV,"April, 11 2020",FOF200411025695
ENCAMPMENT /OUTSIDE,1801 14TH ST,"April, 12 2020",FOF200412025818
ENCAMPMENT /OUTSIDE,34TH ST&WOOD ST,"April, 13 2020",FOF200413026103
ENCAMPMENT /OUTSIDE,COOLIDGE AV&EB I580,"April, 15 2020",FOF200415026665
ENCAMPMENT /OUTSIDE,36TH ST&WEBSTER ST,"April, 16 2020",FOF200416026798
ENCAMPMENT /OUTSIDE,5TH ST&NB I880,"April, 17 2020",FOF200417026925
ENCAMPMENT /OUTSIDE,1900 E 12TH ST,"April, 19 2020",FOF200419027450
ENCAMPMENT /OUTSIDE,4701 SAN LEANDRO ST,"April, 19 2020",FOF200419027484
ENCAMPMENT /OUTSIDE,3600 MARTIN LUTHER KING JR WY,"April, 21 2020",FOF200421027868
ENCAMPMENT /OUTSIDE,51ST ST&MARTIN LUTHER KING JR WY,"April, 24 2020",FOF200424028470
ENCAMPMENT /OUTSIDE,3400 TELEGRAPH AV,"April, 24 2020",FOF200424028499
ENCAMPMENT /OUTSIDE,E 12TH ST&1ST AV,"April, 24 2020",FOF200424028549
ENCAMPMENT /OUTSIDE,98TH AV&B ST,"April, 24 2020",FOF200424028646
ENCAMPMENT /OUTSIDE,17TH ST&WOOD ST,"April, 25 2020",FOF200425028751
ENCAMPMENT /OUTSIDE,34TH ST&TELEGRAPH AV,"April, 25 2020",FOF200425028752
ENCAMPMENT /OUTSIDE,12TH ST&UNION ST,"April, 25 2020",FOF200425028802
ENCAMPMENT /OUTSIDE,NORTHGATE AV&SYCAMORE ST,"April, 26 2020",FOF200426028930
ENCAMPMENT /OUTSIDE,1700 E 12TH ST,"April, 26 2020",FOF200426028939
ENCAMPMENT /OUTSIDE,E 12TH ST&LAKE MERRITT BLVD,"April, 27 2020",FOF200427029114
ENCAMPMENT /OUTSIDE,21ST ST&BRUSH ST,"April, 27 2020",FOF200427029124
ENCAMPMENT /OUTSIDE,23RD ST&MARTIN LUTHER KING JR WY,"April, 27 2020",FOF200427029354
ENCAMPMENT /OUTSIDE,E 12TH ST&LAKE MERRITT BLVD,"April, 28 2020",FOF200428029545
ENCAMPMENT /OUTSIDE,HIGH ST&HOWARD ST,"May, 1 2020",FOF200501030044
ENCAMPMENT /OUTSIDE,12TH ST&BRUSH ST,"May, 2 2020",FOF200502030403
ENCAMPMENT /OUTSIDE,BROADWAY&SB I880,"May, 2 2020",FOF200502030427
ENCAMPMENT /OUTSIDE,NORTHGATE AV&SYCAMORE ST,"May, 2 2020",FOF200502030452
ENCAMPMENT /OUTSIDE,83RD AV&INTERNATIONAL BLVD,"May, 5 2020",FOF200505031013
ENCAMPMENT /OUTSIDE,311 105TH AV,"May, 6 2020",FOF200506031328
ENCAMPMENT /OUTSIDE,38TH ST&MANILA AV,"May, 6 2020",FOF200506031395
ENCAMPMENT /OUTSIDE,24TH ST&WOOD ST,"May, 9 2020",FOF200509032089
ENCAMPMENT /OUTSIDE,4705 COLISEUM WY,"May, 10 2020",FOF200510032213
ENCAMPMENT /OUTSIDE,31ST ST&TELEGRAPH AV,"May, 10 2020",FOF200510032278
ENCAMPMENT /OUTSIDE,35TH AV&DELAWARE ST,"May, 11 2020",FOF200511032470
ENCAMPMENT /OUTSIDE,COLISEUM WY&HIGH ST,"May, 12 2020",FOF200512032678
ENCAMPMENT /OUTSIDE,E 12TH ST&17TH AV,"May, 13 2020",FOF200513033003
ENCAMPMENT /OUTSIDE,105TH AV&EDES AV,"May, 14 2020",FOF200514033080
ENCAMPMENT /OUTSIDE,E 12TH ST&22ND AV,"May, 17 2020",FOF200517033953
ENCAMPMENT /OUTSIDE,WB I580 CONN&EB I80,"May, 18 2020",FOF200518034231
ENCAMPMENT /OUTSIDE,4458 MACARTHUR BLVD,"May, 18 2020",FOF200518034262
ENCAMPMENT /OUTSIDE,3775 ALAMEDA AV,"May, 18 2020",FOF200518034291
ENCAMPMENT /OUTSIDE,HIGH ST&MACARTHUR BLVD,"May, 18 2020",FOF200518034292
ENCAMPMENT /OUTSIDE,3775 ALAMEDA AV,"May, 18 2020",FOF200518034297
ENCAMPMENT /OUTSIDE,6TH ST&MARKET ST,"May, 20 2020",FOF200520034615
ENCAMPMENT /OUTSIDE,HANOVER AV&LAKESHORE AV,"May, 20 2020",FOF200520034616
ENCAMPMENT /OUTSIDE,7TH ST&BRUSH ST,"May, 21 2020",FOF200521034868
ENCAMPMENT /OUTSIDE,34TH ST&WOOD ST,"May, 23 2020",FOF200523035327
ENCAMPMENT /OUTSIDE,34TH ST&ELM ST,"May, 24 2020",FOF200524035648
ENCAMPMENT /OUTSIDE,2ND AV&INTERNATIONAL BLVD,"May, 25 2020",FOF200525035809
ENCAMPMENT /OUTSIDE,3RD ST&FILBERT ST,"May, 25 2020",FOF200525035930
ENCAMPMENT /OUTSIDE,860 77TH AV,"May, 26 2020",FOF200526036129
ENCAMPMENT /OUTSIDE,HANOVER AV&LAKESHORE AV,"May, 26 2020",FOF200526036298
ENCAMPMENT /OUTSIDE,E 12TH ST&16TH AV,"May, 30 2020",FOF200530036996
ENCAMPMENT /OUTSIDE,100 12TH ST,"May, 31 2020",FOF200531037278
ENCAMPMENT /OUTSIDE,LAKESIDE DR&OAK ST,"June, 1 2020",FOF200601037638
ENCAMPMENT /OUTSIDE,9TH ST&FALLON ST,"June, 3 2020",FOF200603038062
ENCAMPMENT /OUTSIDE,900 75TH AV,"June, 4 2020",FOF200604038555
ENCAMPMENT /OUTSIDE,RANDWICK AV&RICHMOND BLVD,"June, 6 2020",FOF200606038838
ENCAMPMENT /OUTSIDE,OAKPORT ST&ZHONE WY,"June, 8 2020",FOF200608039387
ENCAMPMENT /OUTSIDE,NB I880 CONN&WOOD ST,"June, 8 2020",FOF200608039487
ENCAMPMENT /OUTSIDE,1600 E 12TH ST,"June, 9 2020",FOF200609039546
ENCAMPMENT /OUTSIDE,2200 WILLOW ST,"June, 9 2020",FOF200609039686
ENCAMPMENT /OUTSIDE,6TH ST&MARKET ST,"June, 9 2020",FOF200609039738
ENCAMPMENT /OUTSIDE,2000 E 12TH ST,"June, 9 2020",FOF200609039753
ENCAMPMENT /OUTSIDE,47TH AV&SAN LEANDRO ST,"June, 10 2020",FOF200610039773
ENCAMPMENT /OUTSIDE,23RD AV&E 7TH ST,"June, 10 2020",FOF200610039794
ENCAMPMENT /OUTSIDE,5TH ST&FRANKLIN ST,"June, 11 2020",FOF200611040042
ENCAMPMENT /OUTSIDE,320 23RD AV,"June, 12 2020",FOF200612040384
ENCAMPMENT /OUTSIDE,30TH ST&TELEGRAPH AV,"June, 13 2020",FOF200613040485
ENCAMPMENT /OUTSIDE,34TH ST&WOOD ST,"June, 14 2020",FOF200614040718
ENCAMPMENT /OUTSIDE,BROADWAY&WEBSTER ST,"June, 15 2020",FOF200615040972
ENCAMPMENT /OUTSIDE,E 12TH ST&22ND AV,"June, 17 2020",FOF200617041406
ENCAMPMENT /OUTSIDE,E 12TH ST&7TH AV,"June, 18 2020",FOF200618041660
ENCAMPMENT /OUTSIDE,E 8TH ST&FRUITVALE AV,"June, 18 2020",FOF200618041673
ENCAMPMENT /OUTSIDE,35TH ST&SAN PABLO AV,"June, 18 2020",FOF200618041678
ENCAMPMENT /OUTSIDE,7TH ST&LINDEN ST,"June, 20 2020",FOF200620042316
ENCAMPMENT /OUTSIDE,E 12TH ST&17TH AV,"June, 21 2020",FOF200621042390
ENCAMPMENT /OUTSIDE,95TH AV&INTERNATIONAL BLVD,"June, 21 2020",FOF200621042419
ENCAMPMENT /OUTSIDE,GRAND AV&HARRISON ST,"June, 21 2020",FOF200621042460
ENCAMPMENT /OUTSIDE,BROADWAY&WEBSTER ST,"June, 22 2020",FOF200622042734
ENCAMPMENT /OUTSIDE,3094 E 10TH ST,"June, 23 2020",FOF200623043020
ENCAMPMENT /OUTSIDE,36TH ST&MARTIN LUTHER KING JR WY,"June, 24 2020",FOF200624043222
ENCAMPMENT /OUTSIDE,W GRAND AV&WOOD ST,"June, 24 2020",FOF200624043300
ENCAMPMENT /OUTSIDE,35TH ST&MARTIN LUTHER KING JR WY,"June, 25 2020",FOF200625043467
ENCAMPMENT /OUTSIDE,LAKE PARK AV&LAKESHORE AV,"June, 26 2020",FOF200626043592
ENCAMPMENT /OUTSIDE,14TH ST&FILBERT ST,"June, 26 2020",FOF200626043669
ENCAMPMENT /OUTSIDE,35TH AV&EB I580,"June, 26 2020",FOF200626043760
ENCAMPMENT /OUTSIDE,3400 TELEGRAPH AV,"June, 27 2020",FOF200627043856
ENCAMPMENT /OUTSIDE,8255 SAN LEANDRO ST,"June, 27 2020",FOF200627043917
ENCAMPMENT /OUTSIDE,38TH ST&MANILA AV,"June, 27 2020",FOF200627044022
ENCAMPMENT /OUTSIDE,20TH ST&WOOD ST,"June, 28 2020",FOF200628044239
ENCAMPMENT /OUTSIDE,7TH ST&CASTRO ST,"June, 28 2020",FOF200628044277
ENCAMPMENT /OUTSIDE,23RD AV&SB I880,"June, 29 2020",FOF200629044467
ENCAMPMENT /OUTSIDE,E 12TH ST&16TH AV,"June, 29 2020",FOF200629044567
ENCAMPMENT /OUTSIDE,BRUSH ST&W GRAND AV,"June, 30 2020",FOF200630044586
ENCAMPMENT /OUTSIDE,34TH ST&BEACH ST,"June, 30 2020",FOF200630044623
ENCAMPMENT /OUTSIDE,E 10TH ST&2ND AV,"July, 1 2020",FOF200701044830
ENCAMPMENT /OUTSIDE,3600 ALAMEDA AV,"July, 3 2020",FOF200703045407
ENCAMPMENT /OUTSIDE,E 12TH ST&19TH AV,"July, 3 2020",FOF200703045450
ENCAMPMENT /OUTSIDE,18TH ST&WOOD ST,"July, 4 2020",FOF200704045585
ENCAMPMENT /OUTSIDE,20TH ST&CAMPBELL ST,"July, 4 2020",FOF200704045599
ENCAMPMENT /OUTSIDE,3600 E 9TH ST,"July, 4 2020",FOF200704045621
ENCAMPMENT /OUTSIDE,E 12TH ST&9TH AV,"July, 5 2020",FOF200705045955
ENCAMPMENT /OUTSIDE,GRAND AV&MACARTHUR BLVD,"July, 5 2020",FOF200705046037
ENCAMPMENT /OUTSIDE,2301 EMBARCADERO,"July, 5 2020",FOF200705046083
ENCAMPMENT /OUTSIDE,34TH ST&WOOD ST,"July, 5 2020",FOF200705046182
ENCAMPMENT /OUTSIDE,6TH ST&WEBSTER ST,"July, 6 2020",FOF200706046216
ENCAMPMENT /OUTSIDE,29TH ST&MARTIN LUTHER KING JR WY,"July, 6 2020",FOF200706046219
ENCAMPMENT /OUTSIDE,900 40TH AV,"July, 6 2020",FOF200706046458
ENCAMPMENT /OUTSIDE,E 12TH ST&LAKE MERRITT BLVD,"July, 7 2020",FOF200707046499
ENCAMPMENT /OUTSIDE,23RD ST&NORTHGATE AV,"July, 8 2020",FOF200708046727
ENCAMPMENT /OUTSIDE,E 12TH ST&14TH AV,"July, 8 2020",FOF200708046865
ENCAMPMENT /OUTSIDE,E 12TH ST&14TH AV,"July, 8 2020",FOF200708046874
ENCAMPMENT /OUTSIDE,34TH ST&TELEGRAPH AV,"July, 8 2020",FOF200708046954
ENCAMPMENT /OUTSIDE,7TH ST&BRUSH ST,"July, 9 2020",FOF200709047070
ENCAMPMENT /OUTSIDE,E 12TH ST&26TH AV,"July, 9 2020",FOF200709047192
ENCAMPMENT /OUTSIDE,38TH ST&MANILA AV,"July, 9 2020",FOF200709047197
ENCAMPMENT /OUTSIDE,89TH AV&INTERNATIONAL BLVD,"July, 10 2020",FOF200710047243
ENCAMPMENT /OUTSIDE,NORTHGATE AV&SYCAMORE ST,"July, 10 2020",FOF200710047267
ENCAMPMENT /OUTSIDE,29TH ST&TELEGRAPH AV,"July, 10 2020",FOF200710047298
ENCAMPMENT /OUTSIDE,NORTHGATE AV&SYCAMORE ST,"July, 10 2020",FOF200710047389
ENCAMPMENT /OUTSIDE,24TH ST&UNION ST,"July, 11 2020",FOF200711047495
ENCAMPMENT /OUTSIDE,E 12TH ST&19TH AV,"July, 11 2020",FOF200711047496
ENCAMPMENT /OUTSIDE,37TH ST&W MACARTHUR BLVD,"July, 12 2020",FOF200712047803
ENCAMPMENT /OUTSIDE,7200 SAN LEANDRO ST,"July, 12 2020",FOF200712047898
ENCAMPMENT /OUTSIDE,24TH ST&WOOD ST,"July, 14 2020",FOF200714048162
ENCAMPMENT /OUTSIDE,12TH AV&INTERNATIONAL BLVD,"July, 14 2020",FOF200714048284
ENCAMPMENT /OUTSIDE,29TH ST&TELEGRAPH AV,"July, 16 2020",FOF200716048626
ENCAMPMENT /OUTSIDE,30TH ST&MARTIN LUTHER KING JR WY,"July, 16 2020",FOF200716048743
ENCAMPMENT /OUTSIDE,1900 E 12TH ST,"July, 17 2020",FOF200717048788
ENCAMPMENT /OUTSIDE,2020 WAKE AV,"July, 19 2020",FOF200719049288
ENCAMPMENT /OUTSIDE,E 12TH ST&16TH AV,"July, 19 2020",FOF200719049304
ENCAMPMENT /OUTSIDE,3775 ALAMEDA AV,"July, 20 2020",FOF200720049537
ENCAMPMENT /OUTSIDE,6TH ST&BRUSH ST,"July, 20 2020",FOF200720049687
ENCAMPMENT /OUTSIDE,73RD AV&KRAUSE AV,"July, 22 2020",FOF200722049935
ENCAMPMENT /OUTSIDE,DENNISON ST&EMBARCADERO,"July, 22 2020",FOF200722049970
ENCAMPMENT /OUTSIDE,12TH ST&FALLON ST,"July, 22 2020",FOF200722050154
ENCAMPMENT /OUTSIDE,MACARTHUR BLVD&OAKLAND AV,"July, 22 2020",FOF200722050200
ENCAMPMENT /OUTSIDE,10TH ST&CASTRO ST,"July, 23 2020",FOF200723050417
ENCAMPMENT /OUTSIDE,5TH ST&KIRKHAM ST,"July, 24 2020",FOF200724050481
ENCAMPMENT /OUTSIDE,6TH ST&WEBSTER ST,"July, 24 2020",FOF200724050582
ENCAMPMENT /OUTSIDE,25TH ST&MARTIN LUTHER KING JR WY,"July, 25 2020",FOF200725050759
ENCAMPMENT /OUTSIDE,1078 60TH ST,"July, 26 2020",FOF200726051049
ENCAMPMENT /OUTSIDE,107TH AV&PEARMAIN ST,"July, 26 2020",FOF200726051064
ENCAMPMENT /OUTSIDE,105TH AV&EDES AV,"July, 27 2020",FOF200727051416
ENCAMPMENT /OUTSIDE,800 47TH AV,"July, 28 2020",FOF200728051490
ENCAMPMENT /OUTSIDE,EB 51ST OFFRP ST&EB MLK JR OFFRP WY,"July, 28 2020",FOF200728051525
ENCAMPMENT /OUTSIDE,HARRISON ST&MACARTHUR BLVD,"July, 28 2020",FOF200728051627
ENCAMPMENT /OUTSIDE,66 MACARTHUR BLVD,"July, 28 2020",FOF200728051655
ENCAMPMENT /OUTSIDE,36TH ST&TELEGRAPH AV,"July, 29 2020",FOF200729051956
ENCAMPMENT /OUTSIDE,42ND AV&INTERNATIONAL BLVD,"July, 30 2020",FOF200730052036
ENCAMPMENT /OUTSIDE,3439 ANDOVER ST,"July, 30 2020",FOF200730052083
ENCAMPMENT /OUTSIDE,34TH ST&ANDOVER ST,"July, 30 2020",FOF200730052167
ENCAMPMENT /OUTSIDE,19TH ST&BRUSH ST,"July, 31 2020",FOF200731052271
ENCAMPMENT /OUTSIDE,1538 E 12TH ST,"July, 31 2020",FOF200731052410
ENCAMPMENT /OUTSIDE,CLAREMONT AV&HUDSON ST,"August, 2 2020",FOF200802052793
ENCAMPMENT /OUTSIDE,7TH ST&KIRKHAM ST,"August, 2 2020",FOF200802052801
ENCAMPMENT /OUTSIDE,766 MOORPARK AV,"August, 3 2020",FOF200803053136
ENCAMPMENT /OUTSIDE,34TH ST&WOOD ST,"August, 4 2020",FOF200804053272
ENCAMPMENT /OUTSIDE,36TH ST&MARTIN LUTHER KING JR WY,"August, 4 2020",FOF200804053311
ENCAMPMENT /OUTSIDE,NORTHGATE AV&SYCAMORE ST,"August, 5 2020",FOF200805053401
ENCAMPMENT /OUTSIDE,1201 41ST AV,"August, 6 2020",FOF200806053829
ENCAMPMENT /OUTSIDE,11TH AV&E 8TH ST,"August, 7 2020",FOF200807053879
ENCAMPMENT /OUTSIDE,E 12TH ST&16TH AV,"August, 7 2020",FOF200807053975
ENCAMPMENT /OUTSIDE,25TH ST&NORTHGATE AV,"August, 7 2020",FOF200807053985
ENCAMPMENT /OUTSIDE,20TH ST&WOOD ST,"August, 8 2020",FOF200808054372
ENCAMPMENT /OUTSIDE,27TH ST&NORTHGATE AV,"August, 10 2020",FOF200810054735
ENCAMPMENT /OUTSIDE,75TH AV&SAN LEANDRO ST,"August, 10 2020",FOF200810054792
ENCAMPMENT /OUTSIDE,34TH ST&WEST ST,"August, 10 2020",FOF200810054846
ENCAMPMENT /OUTSIDE,E 12TH ST&17TH AV,"August, 10 2020",FOF200810054848
ENCAMPMENT /OUTSIDE,10 10TH ST,"August, 12 2020",FOF200812055297
ENCAMPMENT /OUTSIDE,3601 TELEGRAPH AV,"August, 14 2020",FOF200814055648
ENCAMPMENT /OUTSIDE,26TH ST&WOOD ST,"August, 14 2020",FOF200814055814
ENCAMPMENT /OUTSIDE,27TH ST&SAN PABLO AV,"August, 15 2020",FOF200815055996
ENCAMPMENT /OUTSIDE,NORTHGATE AV&SYCAMORE ST,"August, 15 2020",FOF200815056081
ENCAMPMENT /OUTSIDE,E 12TH ST&13TH AV,"August, 15 2020",FOF200815056204
ENCAMPMENT /OUTSIDE,EB I580&WEBSTER ST,"August, 17 2020",FOF200817056651
ENCAMPMENT /OUTSIDE,750 HIGH ST,"August, 17 2020",FOF200817056655
ENCAMPMENT /OUTSIDE,3775 ALAMEDA AV,"August, 17 2020",FOF200817056725
ENCAMPMENT /OUTSIDE,LESSER ST&OAKPORT ST,"August, 18 2020",FOF200818056786
ENCAMPMENT /OUTSIDE,81ST AV&SAN LEANDRO ST,"August, 18 2020",FOF200818056838
ENCAMPMENT /OUTSIDE,ALAMEDA AV&FRUITVALE AV,"August, 20 2020",FOF200820057595
ENCAMPMENT /OUTSIDE,18TH ST&WOOD ST,"August, 21 2020",FOF200821057789
ENCAMPMENT /OUTSIDE,E 12TH ST&HIGH ST,"August, 22 2020",FOF200822057959
ENCAMPMENT /OUTSIDE,36TH ST&MARTIN LUTHER KING JR WY,"August, 22 2020",FOF200822058003
ENCAMPMENT /OUTSIDE,54TH ST&SHATTUCK AV,"August, 23 2020",FOF200823058203
ENCAMPMENT /OUTSIDE,E 12TH ST&31ST AV,"August, 23 2020",FOF200823058209
ENCAMPMENT /OUTSIDE,E 12TH ST&20TH AV,"August, 23 2020",FOF200823058307
ENCAMPMENT /OUTSIDE,E 12TH ST&20TH AV,"August, 23 2020",FOF200823058340
ENCAMPMENT /OUTSIDE,8TH ST&VIRGINIA ST,"August, 24 2020",FOF200824058480
ENCAMPMENT /OUTSIDE,10058 EMPIRE RD,"August, 26 2020",FOF200826058991
ENCAMPMENT /OUTSIDE,400 LANCASTER ST,"August, 26 2020",FOF200826058998
ENCAMPMENT /OUTSIDE,11TH AV&E 12TH ST,"August, 28 2020",FOF200828059450
ENCAMPMENT /OUTSIDE,250 VICTORY CT,"August, 28 2020",FOF200828059471
ENCAMPMENT /OUTSIDE,34TH ST&TELEGRAPH AV,"August, 28 2020",FOF200828059477
ENCAMPMENT /OUTSIDE,550 E 12TH ST,"August, 28 2020",FOF200828059582
ENCAMPMENT /OUTSIDE,34TH ST&ANDOVER ST,"August, 29 2020",FOF200829059767
ENCAMPMENT /OUTSIDE,E 12TH ST&19TH AV,"August, 30 2020",FOF200830060014
ENCAMPMENT /OUTSIDE,GRAND AV&HARRISON ST,"August, 31 2020",FOF200831060374
ENCAMPMENT /OUTSIDE,E 12TH ST&20TH AV,"August, 31 2020",FOF200831060432
ENCAMPMENT /OUTSIDE,75TH AV&SAN LEANDRO ST,"September, 1 2020",FOF200901060556
ENCAMPMENT /OUTSIDE,34TH ST&TELEGRAPH AV,"September, 2 2020",FOF200902060920
ENCAMPMENT /OUTSIDE,34TH ST&BROADWAY,"September, 5 2020",FOF200905061693
ENCAMPMENT /OUTSIDE,34TH ST&ANDOVER ST,"September, 7 2020",FOF200907062277
ENCAMPMENT /OUTSIDE,34TH ST&ELM ST,"September, 8 2020",FOF200908062553
ENCAMPMENT /OUTSIDE,7TH ST&BRUSH ST,"September, 8 2020",FOF200908062601
ENCAMPMENT /OUTSIDE,7TH ST&BRUSH ST,"September, 9 2020",FOF200909062751
ENCAMPMENT /OUTSIDE,430 HALE AV,"September, 9 2020",FOF200909062786
ENCAMPMENT /OUTSIDE,400 105TH AV,"September, 9 2020",FOF200909062792
ENCAMPMENT /OUTSIDE,14TH ST&MANDELA PKWY,"September, 10 2020",FOF200910062884
ENCAMPMENT /OUTSIDE,34TH ST&PERALTA ST,"September, 10 2020",FOF200910063045
ENCAMPMENT /OUTSIDE,24TH ST&MARTIN LUTHER KING JR WY,"September, 11 2020",FOF200911063095
ENCAMPMENT /OUTSIDE,HEGENBERGER RD&SAN LEANDRO ST,"September, 13 2020",FOF200913063565
ENCAMPMENT /OUTSIDE,800 77TH AV,"September, 13 2020",FOF200913063574
ENCAMPMENT /OUTSIDE,E 12TH ST&20TH AV,"September, 13 2020",FOF200913063585
ENCAMPMENT /OUTSIDE,EB I580&WEBSTER ST,"September, 14 2020",FOF200914063806
ENCAMPMENT /OUTSIDE,WB I580&EB I980 CONN,"September, 14 2020",FOF200914063808
ENCAMPMENT /OUTSIDE,E 12TH ST&19TH AV,"September, 14 2020",FOF200914063989
ENCAMPMENT /OUTSIDE,FOOTHILL BLVD&LAKESHORE AV,"September, 15 2020",FOF200915064076
ENCAMPMENT /OUTSIDE,34TH ST&TELEGRAPH AV,"September, 16 2020",FOF200916064350
ENCAMPMENT /OUTSIDE,1330 LAKESHORE AV,"September, 16 2020",FOF200916064464
ENCAMPMENT /OUTSIDE,DENNISON ST&EMBARCADERO,"September, 16 2020",FOF200916064496
ENCAMPMENT /OUTSIDE,34TH ST&ANDOVER ST,"September, 17 2020",FOF200917064650
ENCAMPMENT /OUTSIDE,W GRAND AV&WOOD ST,"September, 18 2020",FOF200918064858
ENCAMPMENT /OUTSIDE,18TH ST&WOOD ST,"September, 19 2020",FOF200919065163
ENCAMPMENT /OUTSIDE,5TH AV&EMBARCADERO,"September, 21 2020",FOF200921065609
ENCAMPMENT /OUTSIDE,50TH AV&SAN LEANDRO ST,"September, 21 2020",FOF200921065657
ENCAMPMENT /OUTSIDE,545 32ND ST,"September, 22 2020",FOF200922065938
ENCAMPMENT /OUTSIDE,51ST ST&MARTIN LUTHER KING JR WY,"September, 22 2020",FOF200922065940
ENCAMPMENT /OUTSIDE,36TH ST&TELEGRAPH AV,"September, 23 2020",FOF200923066178
ENCAMPMENT /OUTSIDE,6TH ST&WEBSTER ST,"September, 24 2020",FOF200924066361
ENCAMPMENT /OUTSIDE,26TH ST&WILLOW ST,"September, 24 2020",FOF200924066540
ENCAMPMENT /OUTSIDE,E 12TH ST&16TH AV,"September, 24 2020",FOF200924066565
ENCAMPMENT /OUTSIDE,25TH ST&NORTHGATE AV,"September, 25 2020",FOF200925066627
ENCAMPMENT /OUTSIDE,NORTHGATE AV&SYCAMORE ST,"September, 26 2020",FOF200926067052
ENCAMPMENT /OUTSIDE,66TH AV&SAN LEANDRO ST,"September, 27 2020",FOF200927067117
ENCAMPMENT /OUTSIDE,E 12TH ST&LAKE MERRITT BLVD,"September, 27 2020",FOF200927067225
ENCAMPMENT /OUTSIDE,77TH AV&SAN LEANDRO ST,"September, 28 2020",FOF200928067436
ENCAMPMENT /OUTSIDE,3407 E 8TH ST,"September, 28 2020",FOF200928067581
ENCAMPMENT /OUTSIDE,5TH ST&MARKET ST,"September, 28 2020",FOF200928067649
ENCAMPMENT /OUTSIDE,E 12TH ST&16TH AV,"September, 29 2020",FOF200929067761
ENCAMPMENT /OUTSIDE,655 INTERNATIONAL BLVD,"September, 29 2020",FOF200929067816
ENCAMPMENT /OUTSIDE,4TH ST&BRUSH ST,"September, 29 2020",FOF200929067819
ENCAMPMENT /OUTSIDE,34TH ST&ELM ST,"September, 29 2020",FOF200929067892
ENCAMPMENT /OUTSIDE,8451 SAN LEANDRO ST,"September, 30 2020",FOF200930067973
ENCAMPMENT /OUTSIDE,49TH AV&SAN LEANDRO ST,"September, 30 2020",FOF200930068113
ENCAMPMENT /OUTSIDE,34TH ST&ELM ST,"September, 30 2020",FOF200930068168
ENCAMPMENT /OUTSIDE,955 7TH ST,"October, 1 2020",FOF201001068221
ENCAMPMENT /OUTSIDE,66TH AV&SAN LEANDRO ST,"October, 2 2020",FOF201002068663
ENCAMPMENT /OUTSIDE,7TH ST&BRUSH ST,"October, 3 2020",FOF201003068792
ENCAMPMENT /OUTSIDE,16TH ST&WOOD ST,"October, 4 2020",FOF201004069125
ENCAMPMENT /OUTSIDE,47TH AV&SAN LEANDRO ST,"October, 4 2020",FOF201004069209
ENCAMPMENT /OUTSIDE,34TH ST&ELM ST,"October, 6 2020",FOF201006069585
ENCAMPMENT /OUTSIDE,84TH AV&INTERNATIONAL BLVD,"October, 7 2020",FOF201007069644
ENCAMPMENT /OUTSIDE,553 34TH ST,"October, 7 2020",FOF201007069746
ENCAMPMENT /OUTSIDE,7TH ST&BRUSH ST,"October, 7 2020",FOF201007069810
ENCAMPMENT /OUTSIDE,45TH ST&TELEGRAPH AV,"October, 8 2020",FOF201008069901
ENCAMPMENT /OUTSIDE,34TH ST&PERALTA ST,"October, 8 2020",FOF201008069960
ENCAMPMENT /OUTSIDE,E 11TH ST&2ND AV,"October, 8 2020",FOF201008069973
ENCAMPMENT /OUTSIDE,45TH ST&MARTIN LUTHER KING JR WY,"October, 9 2020",FOF201009070092
ENCAMPMENT /OUTSIDE,900 FALLON ST,"October, 9 2020",FOF201009070178
ENCAMPMENT /OUTSIDE,E 12TH ST&22ND AV,"October, 9 2020",FOF201009070189
ENCAMPMENT /OUTSIDE,6TH ST&WEBSTER ST,"October, 9 2020",FOF201009070228
ENCAMPMENT /OUTSIDE,BROADWAY&EB I580,"October, 11 2020",FOF201011070600
ENCAMPMENT /OUTSIDE,GRAND AV&HARRISON ST,"October, 11 2020",FOF201011070650
ENCAMPMENT /OUTSIDE,GRAND AV&HARRISON ST,"October, 11 2020",FOF201011070651
ENCAMPMENT /OUTSIDE,34TH ST&PERALTA ST,"October, 13 2020",FOF201013071112
ENCAMPMENT /OUTSIDE,6TH ST&MARKET ST,"October, 13 2020",FOF201013071183
ENCAMPMENT /OUTSIDE,42ND AV&INTERNATIONAL BLVD,"October, 14 2020",FOF201014071270
ENCAMPMENT /OUTSIDE,34TH ST&ELM ST,"October, 14 2020",FOF201014071286
ENCAMPMENT /OUTSIDE,HOLLIS ST&W MACARTHUR BLVD,"October, 14 2020",FOF201014071467
ENCAMPMENT /OUTSIDE,34TH ST&ANDOVER ST,"October, 15 2020",FOF201015071534
ENCAMPMENT /OUTSIDE,250 FRANK H OGAWA PLZ,"October, 16 2020",FOF201016071770
ENCAMPMENT /OUTSIDE,6TH ST&MARKET ST,"October, 19 2020",FOF201019072565
ENCAMPMENT /OUTSIDE,ADELINE ST&SB I880,"October, 21 2020",FOF201021073008
ENCAMPMENT /OUTSIDE,32ND ST&WOOD ST,"October, 21 2020",FOF201021073046
ENCAMPMENT /OUTSIDE,23RD ST&MARTIN LUTHER KING JR WY,"October, 21 2020",FOF201021073203
ENCAMPMENT /OUTSIDE,36TH ST&TELEGRAPH AV,"October, 21 2020",FOF201021073248
ENCAMPMENT /OUTSIDE,E 12TH ST&5TH AV,"October, 23 2020",FOF201023073535
ENCAMPMENT /OUTSIDE,E 12TH ST&16TH AV,"October, 23 2020",FOF201023073536
ENCAMPMENT /OUTSIDE,52ND ST&MARTIN LUTHER KING JR WY,"October, 23 2020",FOF201023073716
ENCAMPMENT /OUTSIDE,14TH ST&CASTRO ST,"October, 25 2020",FOF201025074070
ENCAMPMENT /OUTSIDE,29TH ST&TELEGRAPH AV,"October, 26 2020",FOF201026074254
ENCAMPMENT /OUTSIDE,1ST AV&LAKESHORE AV,"October, 27 2020",FOF201027074636
ENCAMPMENT /OUTSIDE,6TH ST&JEFFERSON ST,"October, 27 2020",FOF201027074644
ENCAMPMENT /OUTSIDE,GRAND AV&HARRISON ST,"October, 28 2020",FOF201028074759
ENCAMPMENT /OUTSIDE,2301 EMBARCADERO,"October, 28 2020",FOF201028074765
ENCAMPMENT /OUTSIDE,W GRAND AV&MARTIN LUTHER KING JR WY,"October, 29 2020",FOF201029075137
ENCAMPMENT /OUTSIDE,1600 E 12TH ST,"October, 31 2020",FOF201031075458
ENCAMPMENT /OUTSIDE,16TH AV&INTERNATIONAL BLVD,"October, 31 2020",FOF201031075502
ENCAMPMENT /OUTSIDE,38TH ST&MANILA AV,"November, 2 2020",FOF201102076144
ENCAMPMENT /OUTSIDE,E 12TH ST&19TH AV,"November, 2 2020",FOF201102076148
ENCAMPMENT /OUTSIDE,E 12TH ST&19TH AV,"November, 4 2020",FOF201104076411
ENCAMPMENT /OUTSIDE,32ND ST&WOOD ST,"November, 6 2020",FOF201106076904
ENCAMPMENT /OUTSIDE,E 12TH ST&LAKE MERRITT BLVD,"November, 7 2020",FOF201107077084
ENCAMPMENT /OUTSIDE,BROOKDALE AV&COURTLAND AV,"November, 8 2020",FOF201108077350
ENCAMPMENT /OUTSIDE,19TH AV&INTERNATIONAL BLVD,"November, 8 2020",FOF201108077451
ENCAMPMENT /OUTSIDE,1200 LAKESHORE AV,"November, 8 2020",FOF201108077452
ENCAMPMENT /OUTSIDE,34TH ST&ELM ST,"November, 9 2020",FOF201109077543
ENCAMPMENT /OUTSIDE,7TH ST&BRUSH ST,"November, 9 2020",FOF201109077582
ENCAMPMENT /OUTSIDE,7TH ST&BRUSH ST,"November, 9 2020",FOF201109077584
ENCAMPMENT /OUTSIDE,51ST AV&SAN LEANDRO ST,"November, 9 2020",FOF201109077749
ENCAMPMENT /OUTSIDE,E 12TH ST&23RD AV,"November, 10 2020",FOF201110077844
ENCAMPMENT /OUTSIDE,4701 SAN LEANDRO ST,"November, 10 2020",FOF201110077983
ENCAMPMENT /OUTSIDE,NORTHGATE AV&SYCAMORE ST,"November, 11 2020",FOF201111078062
ENCAMPMENT /OUTSIDE,GRAND AV&HARRISON ST,"November, 11 2020",FOF201111078101
ENCAMPMENT /OUTSIDE,7TH ST&BRUSH ST,"November, 11 2020",FOF201111078139
ENCAMPMENT /OUTSIDE,7TH ST&BRUSH ST,"November, 11 2020",FOF201111078140
ENCAMPMENT /OUTSIDE,E 12TH ST&29TH AV,"November, 11 2020",FOF201111078202
ENCAMPMENT /OUTSIDE,E 12TH ST&22ND AV,"November, 12 2020",FOF201112078441
ENCAMPMENT /OUTSIDE,5TH ST&OAK ST,"November, 13 2020",FOF201113078550
ENCAMPMENT /OUTSIDE,7TH ST&MARKET ST,"November, 13 2020",FOF201113078612
ENCAMPMENT /OUTSIDE,1995 EMBARCADERO,"November, 13 2020",FOF201113078614
ENCAMPMENT /OUTSIDE,18TH ST&CASTRO ST,"November, 14 2020",FOF201114078825
ENCAMPMENT /OUTSIDE,6TH ST&FRANKLIN ST,"November, 14 2020",FOF201114078876
ENCAMPMENT /OUTSIDE,69TH AV&SAN LEANDRO ST,"November, 14 2020",FOF201114078889
ENCAMPMENT /OUTSIDE,1112 29TH AV,"November, 16 2020",FOF201116079261
ENCAMPMENT /OUTSIDE,55 SANTA CLARA AV,"November, 16 2020",FOF201116079285
ENCAMPMENT /OUTSIDE,601 WEBSTER ST,"November, 17 2020",FOF201117079426
ENCAMPMENT /OUTSIDE,40TH ST&MANILA AV,"November, 17 2020",FOF201117079526
ENCAMPMENT /OUTSIDE,37TH AV&E 9TH ST,"November, 17 2020",FOF201117079577
ENCAMPMENT /OUTSIDE,E 12TH ST&20TH AV,"November, 17 2020",FOF201117079608
ENCAMPMENT /OUTSIDE,7TH ST&BRUSH ST,"November, 17 2020",FOF201117079648
ENCAMPMENT /OUTSIDE,7TH ST&BRUSH ST,"November, 17 2020",FOF201117079650
ENCAMPMENT /OUTSIDE,ALAMEDA AV&FRUITVALE AV,"November, 19 2020",FOF201119079894
ENCAMPMENT /OUTSIDE,7200 SAN LEANDRO ST,"November, 19 2020",FOF201119079922
ENCAMPMENT /OUTSIDE,34TH ST&WOOD ST,"November, 19 2020",FOF201119079926
ENCAMPMENT /OUTSIDE,23RD ST&MARTIN LUTHER KING JR WY,"November, 19 2020",FOF201119080009
ENCAMPMENT /OUTSIDE,GRAND AV&HARRISON ST,"November, 19 2020",FOF201119080021
ENCAMPMENT /OUTSIDE,E 12TH ST&46TH AV,"November, 19 2020",FOF201119080097
ENCAMPMENT /OUTSIDE,1900 E 12TH ST,"November, 20 2020",FOF201120080323
ENCAMPMENT /OUTSIDE,5TH ST&MANDELA PKWY,"November, 21 2020",FOF201121080365
ENCAMPMENT /OUTSIDE,34TH ST&SAN PABLO AV,"November, 21 2020",FOF201121080476
ENCAMPMENT /OUTSIDE,1608 26TH ST,"November, 23 2020",FOF201123080949
ENCAMPMENT /OUTSIDE,7TH ST&BRUSH ST,"November, 23 2020",FOF201123080974
ENCAMPMENT /OUTSIDE,NB HIGH OFFRP ST&NB I880,"November, 24 2020",FOF201124080995
ENCAMPMENT /OUTSIDE,E 12TH ST&23RD AV,"November, 24 2020",FOF201124081064
ENCAMPMENT /OUTSIDE,E 12TH ST&17TH AV,"November, 24 2020",FOF201124081235
ENCAMPMENT /OUTSIDE,BROADWAY&NB I880,"November, 24 2020",FOF201124081236
ENCAMPMENT /OUTSIDE,66TH AV&SAN LEANDRO ST,"November, 24 2020",FOF201124081238
ENCAMPMENT /OUTSIDE,54TH AV&SAN LEANDRO ST,"November, 25 2020",FOF201125081324
ENCAMPMENT /OUTSIDE,47TH AV&SAN LEANDRO ST,"November, 25 2020",FOF201125081337
ENCAMPMENT /OUTSIDE,22ND ST&BRUSH ST,"November, 25 2020",FOF201125081407
ENCAMPMENT /OUTSIDE,HIGH ST&JENSEN ST,"November, 25 2020",FOF201125081420
ENCAMPMENT /OUTSIDE,HEGENBERGER OFFRP&SAN LEANDRO ST,"November, 26 2020",FOF201126081583
ENCAMPMENT /OUTSIDE,7TH ST&BRUSH ST,"November, 27 2020",FOF201127081702
ENCAMPMENT /OUTSIDE,6TH ST&BRUSH ST,"November, 27 2020",FOF201127081741
ENCAMPMENT /OUTSIDE,23RD ST&HARRISON ST,"November, 27 2020",FOF201127081871
ENCAMPMENT /OUTSIDE,22ND ST&BRUSH ST,"November, 28 2020",FOF201128081916
ENCAMPMENT /OUTSIDE,23RD ST&BRUSH ST,"November, 28 2020",FOF201128081950
ENCAMPMENT /OUTSIDE,7TH ST&BROADWAY,"November, 29 2020",FOF201129082286
ENCAMPMENT /OUTSIDE,3800 MANILA AV,"November, 29 2020",FOF201129082294
ENCAMPMENT /OUTSIDE,3601 TELEGRAPH AV,"November, 30 2020",FOF201130082404
ENCAMPMENT /OUTSIDE,NORTHGATE AV&SYCAMORE ST,"November, 30 2020",FOF201130082486
ENCAMPMENT /OUTSIDE,34TH ST&BROADWAY,"November, 30 2020",FOF201130082554
ENCAMPMENT /OUTSIDE,5TH ST&BROADWAY,"December, 1 2020",FOF201201082673
ENCAMPMENT /OUTSIDE,98TH AV&SAN LEANDRO ST,"December, 4 2020",FOF201204083413
ENCAMPMENT /OUTSIDE,34TH ST&ANDOVER ST,"December, 4 2020",FOF201204083425
ENCAMPMENT /OUTSIDE,24TH ST&NORTHGATE AV,"December, 5 2020",FOF201205083637
ENCAMPMENT /OUTSIDE,7TH ST&BRUSH ST,"December, 5 2020",FOF201205083668
ENCAMPMENT /OUTSIDE,E 12TH ST&29TH AV,"December, 5 2020",FOF201205083690
ENCAMPMENT /OUTSIDE,NORTHGATE AV&SYCAMORE ST,"December, 6 2020",FOF201206083787
ENCAMPMENT /OUTSIDE,NORTHGATE AV&SYCAMORE ST,"December, 6 2020",FOF201206083806
ENCAMPMENT /OUTSIDE,2103 SAN PABLO AV,"December, 6 2020",FOF201206083909
ENCAMPMENT /OUTSIDE,3RD ST&CHESTER ST,"December, 7 2020",FOF201207084132
ENCAMPMENT /OUTSIDE,W GRAND AV&MARITIME ST,"December, 7 2020",FOF201207084145
ENCAMPMENT /OUTSIDE,2301 EMBARCADERO,"December, 8 2020",FOF201208084325
ENCAMPMENT /OUTSIDE,34TH ST&ANDOVER ST,"December, 8 2020",FOF201208084375
ENCAMPMENT /OUTSIDE,3400 TELEGRAPH AV,"December, 8 2020",FOF201208084443
ENCAMPMENT /OUTSIDE,34TH ST&WOOD ST,"December, 10 2020",FOF201210084880
ENCAMPMENT /OUTSIDE,55 SANTA CLARA AV,"December, 11 2020",FOF201211085091
ENCAMPMENT /OUTSIDE,5TH AV&EMBARCADERO,"December, 11 2020",FOF201211085239
ENCAMPMENT /OUTSIDE,E 12TH ST&19TH AV,"December, 12 2020",FOF201212085327
ENCAMPMENT /OUTSIDE,W GRAND AV&NB I880 CONN,"December, 12 2020",FOF201212085360
ENCAMPMENT /OUTSIDE,6TH ST&WEBSTER ST,"December, 12 2020",FOF201212085391
ENCAMPMENT /OUTSIDE,5TH ST&JACKSON ST,"December, 13 2020",FOF201213085632
ENCAMPMENT /OUTSIDE,E 12TH ST&29TH AV,"December, 14 2020",FOF201214085736
ENCAMPMENT /OUTSIDE,E 12TH ST&14TH AV,"December, 16 2020",FOF201216086312
ENCAMPMENT /OUTSIDE,5TH ST&BROADWAY,"December, 16 2020",FOF201216086324
ENCAMPMENT /OUTSIDE,1006 JEFFERSON ST,"December, 16 2020",FOF201216086417
ENCAMPMENT /OUTSIDE,36TH ST&MARTIN LUTHER KING JR WY,"December, 17 2020",FOF201217086443
ENCAMPMENT /OUTSIDE,32ND ST&WOOD ST,"December, 17 2020",FOF201217086498
ENCAMPMENT /OUTSIDE,11TH ST&BRUSH ST,"December, 18 2020",FOF201218086687
ENCAMPMENT /OUTSIDE,5TH ST&MARKET ST,"December, 18 2020",FOF201218086810
ENCAMPMENT /OUTSIDE,E 12TH ST&16TH AV,"December, 19 2020",FOF201219086901
ENCAMPMENT /OUTSIDE,1101 EMBARCADERO WEST,"December, 21 2020",FOF201221087486
ENCAMPMENT /OUTSIDE,MARTIN LUTHER KING JR WY&SYCAMORE ST,"December, 22 2020",FOF201222087615
ENCAMPMENT /OUTSIDE,W GRAND AV&WOOD ST,"December, 22 2020",FOF201222087773
ENCAMPMENT /OUTSIDE,414 HALE AV,"December, 23 2020",FOF201223087844
ENCAMPMENT /OUTSIDE,6TH ST&MARTIN LUTHER KING JR WY,"December, 23 2020",FOF201223088021
ENCAMPMENT /OUTSIDE,12TH ST&WB I980,"December, 24 2020",FOF201224088110
ENCAMPMENT /OUTSIDE,600 HARRISON ST,"December, 24 2020",FOF201224088205
ENCAMPMENT /OUTSIDE,E 16TH ST&FRUITVALE AV,"December, 25 2020",FOF201225088387
ENCAMPMENT /OUTSIDE,5TH ST&FILBERT ST,"December, 26 2020",FOF201226088498
ENCAMPMENT /OUTSIDE,3775 ALAMEDA AV,"December, 26 2020",FOF201226088526
ENCAMPMENT /OUTSIDE,7TH ST&CASTRO ST,"December, 27 2020",FOF201227088787
ENCAMPMENT /OUTSIDE,5920 SAN PABLO AV,"December, 27 2020",FOF201227088934
ENCAMPMENT /OUTSIDE,ADAMS ST&MACARTHUR BLVD,"December, 27 2020",FOF201227088950
ENCAMPMENT /OUTSIDE,7TH ST&BRUSH ST,"December, 28 2020",FOF201228089151
ENCAMPMENT /OUTSIDE,E 12TH ST&18TH AV,"December, 29 2020",FOF201229089280
ENCAMPMENT /OUTSIDE,5TH ST&WEBSTER ST,"December, 29 2020",FOF201229089430
ENCAMPMENT /OUTSIDE,6TH ST&WEBSTER ST,"December, 29 2020",FOF201229089459
ENCAMPMENT /OUTSIDE,EMBARCADERO&OAK ST,"December, 30 2020",FOF201230089507
ENCAMPMENT /OUTSIDE,4TH ST&FALLON ST,"December, 31 2020",FOF201231089776
ENCAMPMENT /OUTSIDE,66TH AV&SAN LEANDRO ST,"December, 31 2020",FOF201231089948
ENCAMPMENT /OUTSIDE,26TH ST&WOOD ST,"December, 31 2020",FOF201231089952
ENCAMPMENT /OUTSIDE,4TH ST&FRANKLIN ST,"December, 31 2020",FOF201231089961
ENCAMPMENT /OUTSIDE,E 12TH ST&20TH AV,"January, 1 2021",FOF210101000083
ENCAMPMENT /OUTSIDE,ALAMEDA AV&HOWARD ST,"January, 1 2021",FOF210101000201
ENCAMPMENT /OUTSIDE,75TH AV&SPENCER ST,"January, 1 2021",FOF210101000220
ENCAMPMENT /OUTSIDE,60TH ST&SAN PABLO AV,"January, 2 2021",FOF210102000488
ENCAMPMENT /OUTSIDE,NB HIGH ONRP ST&NB I880,"January, 3 2021",FOF210103000525
ENCAMPMENT /OUTSIDE,COLISEUM WY&HIGH ST,"January, 3 2021",FOF210103000553
ENCAMPMENT /OUTSIDE,BALDWIN ST&HEGENBERGER RD,"January, 4 2021",FOF210104000773
ENCAMPMENT /OUTSIDE,105TH AV&SAN LEANDRO ST,"January, 4 2021",FOF210104000831
ENCAMPMENT /OUTSIDE,54TH AV&SAN LEANDRO ST,"January, 5 2021",FOF210105001039
ENCAMPMENT /OUTSIDE,3314 35TH AV,"January, 5 2021",FOF210105001136
ENCAMPMENT /OUTSIDE,7TH ST&FRONTAGE RD,"January, 5 2021",FOF210105001166
ENCAMPMENT /OUTSIDE,20TH ST&CASTRO ST,"January, 5 2021",FOF210105001207
ENCAMPMENT /OUTSIDE,85TH AV&SAN LEANDRO ST,"January, 6 2021",FOF210106001310
ENCAMPMENT /OUTSIDE,6TH ST&JACKSON ST,"January, 6 2021",FOF210106001425
ENCAMPMENT /OUTSIDE,E 12TH ST&16TH AV,"January, 7 2021",FOF210107001486
ENCAMPMENT /OUTSIDE,E 12TH ST&19TH AV,"January, 7 2021",FOF210107001585
ENCAMPMENT /OUTSIDE,7TH ST&WEBSTER ST,"January, 7 2021",FOF210107001614
ENCAMPMENT /OUTSIDE,989 BRUSH ST,"January, 7 2021",FOF210107001639
ENCAMPMENT /OUTSIDE,5TH ST&KIRKHAM ST,"January, 7 2021",FOF210107001661
ENCAMPMENT /OUTSIDE,APGAR ST&W MACARTHUR BLVD,"January, 8 2021",FOF210108001870
ENCAMPMENT /OUTSIDE,7TH ST&BRUSH ST,"January, 9 2021",FOF210109001998
ENCAMPMENT /OUTSIDE,17TH ST&BRUSH ST,"January, 9 2021",FOF210109002190
ENCAMPMENT /OUTSIDE,E 12TH ST&7TH AV,"January, 11 2021",FOF210111002540
ENCAMPMENT /OUTSIDE,3200 WOOD ST,"January, 11 2021",FOF210111002571
ENCAMPMENT /OUTSIDE,11TH ST&CLAY ST,"January, 13 2021",FOF210113003160
ENCAMPMENT /OUTSIDE,3481 HOLLIS ST,"January, 14 2021",FOF210114003270
ENCAMPMENT /OUTSIDE,59TH ST&SAN PABLO AV,"January, 14 2021",FOF210114003329
ENCAMPMENT /OUTSIDE,425 HARRISON ST,"January, 15 2021",FOF210115003410
ENCAMPMENT /OUTSIDE,E 12TH ST&22ND AV,"January, 15 2021",FOF210115003529
ENCAMPMENT /OUTSIDE,1018 PINE ST,"January, 15 2021",FOF210115003570
ENCAMPMENT /OUTSIDE,HIGH ST&INTERNATIONAL BLVD,"January, 16 2021",FOF210116003674
ENCAMPMENT /OUTSIDE,7TH ST&BRUSH ST,"January, 16 2021",FOF210116003743
ENCAMPMENT /OUTSIDE,73RD AV&SAN LEANDRO ST,"January, 17 2021",FOF210117004018
ENCAMPMENT /OUTSIDE,3RD ST&ADELINE ST,"January, 18 2021",FOF210118004252
ENCAMPMENT /OUTSIDE,5TH ST&FILBERT ST,"January, 18 2021",FOF210118004253
ENCAMPMENT /OUTSIDE,66TH AV&COLISEUM WY,"January, 18 2021",FOF210118004378
ENCAMPMENT /OUTSIDE,3400 WOOD ST,"January, 19 2021",FOF210119004456
ENCAMPMENT /OUTSIDE,E 12TH ST&18TH AV,"January, 19 2021",FOF210119004464
ENCAMPMENT /OUTSIDE,GRAND AV&HARRISON ST,"January, 19 2021",FOF210119004660
ENCAMPMENT /OUTSIDE,7TH ST&BRUSH ST,"January, 19 2021",FOF210119004665
ENCAMPMENT /OUTSIDE,59TH ST&SAN PABLO AV,"January, 19 2021",FOF210119004700
ENCAMPMENT /OUTSIDE,7TH ST&SB I880,"January, 20 2021",FOF210120004737
ENCAMPMENT /OUTSIDE,E 12TH ST&29TH AV,"January, 20 2021",FOF210120004774
ENCAMPMENT /OUTSIDE,W GRAND AV&MARTIN LUTHER KING JR WY,"January, 20 2021",FOF210120004775
ENCAMPMENT /OUTSIDE,66TH AV&COLISEUM WY,"January, 20 2021",FOF210120004811
ENCAMPMENT /OUTSIDE,6TH ST&WEBSTER ST,"January, 20 2021",FOF210120004904
ENCAMPMENT /OUTSIDE,W GRAND AV&WOOD ST,"January, 20 2021",FOF210120004947
ENCAMPMENT /OUTSIDE,FRONTAGE RD&W GRAND AV,"January, 20 2021",FOF210120004965
ENCAMPMENT /OUTSIDE,E 12TH ST&1ST AV,"January, 21 2021",FOF210121005152
ENCAMPMENT /OUTSIDE,5TH ST&FILBERT ST,"January, 21 2021",FOF210121005184
ENCAMPMENT /OUTSIDE,5TH ST&MARKET ST,"January, 23 2021",FOF210123005614
ENCAMPMENT /OUTSIDE,5TH ST&FILBERT ST,"January, 23 2021",FOF210123005618
ENCAMPMENT /OUTSIDE,27TH ST&NORTHGATE AV,"January, 24 2021",FOF210124005753
ENCAMPMENT /OUTSIDE,7TH ST&BRUSH ST,"January, 24 2021",FOF210124005856
ENCAMPMENT /OUTSIDE,29TH ST&TELEGRAPH AV,"January, 25 2021",FOF210125005945
ENCAMPMENT /OUTSIDE,29TH ST&MARTIN LUTHER KING JR WY,"January, 25 2021",FOF210125005954
ENCAMPMENT /OUTSIDE,E 12TH ST&23RD AV,"January, 25 2021",FOF210125006068
ENCAMPMENT /OUTSIDE,801 10TH ST,"January, 26 2021",FOF210126006262
ENCAMPMENT /OUTSIDE,2510 WOOD ST,"January, 26 2021",FOF210126006426
ENCAMPMENT /OUTSIDE,LAKE PARK AV&LAKESHORE AV,"January, 27 2021",FOF210127006483
ENCAMPMENT /OUTSIDE,3532 TELEGRAPH AV,"January, 27 2021",FOF210127006526
ENCAMPMENT /OUTSIDE,700 WEBSTER ST,"January, 27 2021",FOF210127006542
ENCAMPMENT /OUTSIDE,MARTIN LUTHER KING JR WY&THOMAS L. BERKLEY WY,"January, 28 2021",FOF210128006724
ENCAMPMENT /OUTSIDE,60TH ST&SAN PABLO AV,"January, 28 2021",FOF210128006894
ENCAMPMENT /OUTSIDE,E 12TH ST&26TH AV,"January, 29 2021",FOF210129007098
ENCAMPMENT /OUTSIDE,2537 WILLOW ST,"January, 29 2021",FOF210129007160
ENCAMPMENT /OUTSIDE,7TH ST&ADELINE ST,"January, 30 2021",FOF210130007254
ENCAMPMENT /OUTSIDE,34TH ST&WOOD ST,"January, 30 2021",FOF210130007275
ENCAMPMENT /OUTSIDE,7TH ST&BRUSH ST,"January, 30 2021",FOF210130007299
ENCAMPMENT /OUTSIDE,2840 CHAPMAN ST,"January, 30 2021",FOF210130007446
ENCAMPMENT /OUTSIDE,W GRAND AV&MARTIN LUTHER KING JR WY,"January, 31 2021",FOF210131007490
ENCAMPMENT /OUTSIDE,E 12TH ST&16TH AV,"January, 31 2021",FOF210131007645
ENCAMPMENT /OUTSIDE,E 12TH ST&HIGH ST,"February, 1 2021",FOF210201007713
ENCAMPMENT /OUTSIDE,1541 E 12TH ST,"February, 1 2021",FOF210201007750
ENCAMPMENT /OUTSIDE,E 12TH ST&16TH AV,"February, 1 2021",FOF210201007942
ENCAMPMENT /OUTSIDE,11TH ST&BRUSH ST,"February, 2 2021",FOF210202008108
ENCAMPMENT /OUTSIDE,6TH ST&WEBSTER ST,"February, 2 2021",FOF210202008174
ENCAMPMENT /OUTSIDE,7TH ST&BRUSH ST,"February, 4 2021",FOF210204008448
ENCAMPMENT /OUTSIDE,E 12TH ST&1ST AV,"February, 4 2021",FOF210204008485
ENCAMPMENT /OUTSIDE,LAKE PARK AV&LAKESHORE AV,"February, 4 2021",FOF210204008580
ENCAMPMENT /OUTSIDE,601 WEBSTER ST,"February, 4 2021",FOF210204008645
ENCAMPMENT /OUTSIDE,E 12TH ST&19TH AV,"February, 5 2021",FOF210205008908
ENCAMPMENT /OUTSIDE,34TH ST&HOLLIS ST,"February, 5 2021",FOF210205008914
ENCAMPMENT /OUTSIDE,E 12TH ST&20TH AV,"February, 6 2021",FOF210206009028
ENCAMPMENT /OUTSIDE,26TH ST&WOOD ST,"February, 6 2021",FOF210206009029
ENCAMPMENT /OUTSIDE,6TH ST&BRUSH ST,"February, 7 2021",FOF210207009218
ENCAMPMENT /OUTSIDE,23RD ST&MARTIN LUTHER KING JR WY,"February, 7 2021",FOF210207009237
ENCAMPMENT /OUTSIDE,7TH ST&BROADWAY,"February, 8 2021",FOF210208009458
ENCAMPMENT /OUTSIDE,ADELINE ST&STANFORD AV,"February, 8 2021",FOF210208009494
ENCAMPMENT /OUTSIDE,E 12TH ST&26TH AV,"February, 9 2021",FOF210209009766
ENCAMPMENT /OUTSIDE,30TH ST&TELEGRAPH AV,"February, 9 2021",FOF210209009815
ENCAMPMENT /OUTSIDE,E 12TH ST&26TH AV,"February, 9 2021",FOF210209009855
ENCAMPMENT /OUTSIDE,73RD AV&SAN LEANDRO ST,"February, 9 2021",FOF210209009870
ENCAMPMENT /OUTSIDE,BROADWAY&W MACARTHUR BLVD,"February, 10 2021",FOF210210010074
ENCAMPMENT /OUTSIDE,36TH ST&WEST ST,"February, 11 2021",FOF210211010173
ENCAMPMENT /OUTSIDE,FRONTAGE RD&W GRAND AV,"February, 11 2021",FOF210211010273
ENCAMPMENT /OUTSIDE,36TH ST&TELEGRAPH AV,"February, 12 2021",FOF210212010484
ENCAMPMENT /OUTSIDE,40TH ST&YERBA BUENA AV,"February, 13 2021",FOF210213010841
ENCAMPMENT /OUTSIDE,23RD ST&MARTIN LUTHER KING JR WY,"February, 15 2021",FOF210215011159
ENCAMPMENT /OUTSIDE,W GRAND AV&SAN PABLO AV,"February, 15 2021",FOF210215011186
ENCAMPMENT /OUTSIDE,23RD ST&MARTIN LUTHER KING JR WY,"February, 15 2021",FOF210215011219
ENCAMPMENT /OUTSIDE,5TH ST&MARKET ST,"February, 15 2021",FOF210215011233
ENCAMPMENT /OUTSIDE,30TH ST&MARTIN LUTHER KING JR WY,"February, 15 2021",FOF210215011350
ENCAMPMENT /OUTSIDE,MACARTHUR BLVD&OAKLAND AV,"February, 16 2021",FOF210216011410
ENCAMPMENT /OUTSIDE,34TH ST&ANDOVER ST,"February, 16 2021",FOF210216011414
ENCAMPMENT /OUTSIDE,EB I580&WEBSTER ST,"February, 16 2021",FOF210216011419
ENCAMPMENT /OUTSIDE,29TH ST&MARTIN LUTHER KING JR WY,"February, 16 2021",FOF210216011438
ENCAMPMENT /OUTSIDE,7TH ST&MARKET ST,"February, 17 2021",FOF210217011651
ENCAMPMENT /OUTSIDE,5TH ST&MARKET ST,"February, 18 2021",FOF210218011861
ENCAMPMENT /OUTSIDE,3612 WEBSTER ST,"February, 19 2021",FOF210219012219
ENCAMPMENT /OUTSIDE,3612 WEBSTER ST,"February, 19 2021",FOF210219012223
ENCAMPMENT /OUTSIDE,34TH ST&TELEGRAPH AV,"February, 20 2021",FOF210220012346
ENCAMPMENT /OUTSIDE,CALDECOTT LN / TUNNEL RD,"February, 20 2021",FOF210220012450
ENCAMPMENT /OUTSIDE,5TH AV&EMBARCADERO,"February, 21 2021",FOF210221012603
ENCAMPMENT /OUTSIDE,E 12TH ST&16TH AV,"February, 21 2021",FOF210221012606
ENCAMPMENT /OUTSIDE,16TH ST&BRUSH ST,"February, 21 2021",FOF210221012659
ENCAMPMENT /OUTSIDE,425 MARKET ST,"February, 22 2021",FOF210222012829
ENCAMPMENT /OUTSIDE,5TH ST&MANDELA PKWY,"February, 22 2021",FOF210222012921
ENCAMPMENT /OUTSIDE,W GRAND AV&SAN PABLO AV,"February, 22 2021",FOF210222012972
ENCAMPMENT /OUTSIDE,81ST AV&SAN LEANDRO ST,"February, 23 2021",FOF210223013110
ENCAMPMENT /OUTSIDE,1900 E 12TH ST,"February, 23 2021",FOF210223013146
ENCAMPMENT /OUTSIDE,790 54TH AV,"February, 23 2021",FOF210223013148
ENCAMPMENT /OUTSIDE,2100 WOODBINE AV,"February, 25 2021",FOF210225013538
ENCAMPMENT /OUTSIDE,35TH ST&MARTIN LUTHER KING JR WY,"February, 25 2021",FOF210225013590
ENCAMPMENT /OUTSIDE,73RD AV&SAN LEANDRO ST,"February, 25 2021",FOF210225013696
ENCAMPMENT /OUTSIDE,5TH ST&FILBERT ST,"February, 25 2021",FOF210225013730
ENCAMPMENT /OUTSIDE,2845 CHAPMAN ST,"February, 25 2021",FOF210225013740
ENCAMPMENT /OUTSIDE,29TH ST&TELEGRAPH AV,"February, 26 2021",FOF210226013826
ENCAMPMENT /OUTSIDE,EB I580 CONN&NB I880 CONN,"February, 26 2021",FOF210226014026
ENCAMPMENT /OUTSIDE,34TH ST&ANDOVER ST,"February, 27 2021",FOF210227014136
ENCAMPMENT /OUTSIDE,HAVEN ST&PERALTA ST,"February, 27 2021",FOF210227014214
ENCAMPMENT /OUTSIDE,1900 E 12TH ST,"February, 28 2021",FOF210228014314
ENCAMPMENT /OUTSIDE,CLAREMONT AV&CLIFTON ST,"February, 28 2021",FOF210228014412
ENCAMPMENT /OUTSIDE,4TH ST&MARKET ST,"March, 1 2021",FOF210301014502
ENCAMPMENT /OUTSIDE,SB ADELINE ONRP ST&SB I880,"March, 1 2021",FOF210301014528
ENCAMPMENT /OUTSIDE,5TH ST&HARRISON ST,"March, 1 2021",FOF210301014535
ENCAMPMENT /OUTSIDE,16TH ST&MANDELA PKWY,"March, 1 2021",FOF210301014658
ENCAMPMENT /OUTSIDE,699 BELLEVUE AV,"March, 2 2021",FOF210302014827
ENCAMPMENT /OUTSIDE,HIGH ST&INTERNATIONAL BLVD,"March, 2 2021",FOF210302014860
ENCAMPMENT /OUTSIDE,E 12TH ST&17TH AV,"March, 2 2021",FOF210302014871
ENCAMPMENT /OUTSIDE,2845 CHAPMAN ST,"March, 2 2021",FOF210302014964
ENCAMPMENT /OUTSIDE,4000 ALAMEDA AV,"March, 3 2021",FOF210303015012
ENCAMPMENT /OUTSIDE,60TH ST&SAN PABLO AV,"March, 3 2021",FOF210303015241
ENCAMPMENT /OUTSIDE,59TH ST&SAN PABLO AV,"March, 3 2021",FOF210303015244
ENCAMPMENT /OUTSIDE,W GRAND AV&SAN PABLO AV,"March, 4 2021",FOF210304015400
ENCAMPMENT /OUTSIDE,6TH ST&WEBSTER ST,"March, 4 2021",FOF210304015433
ENCAMPMENT /OUTSIDE,34TH ST&ANDOVER ST,"March, 5 2021",FOF210305015548
ENCAMPMENT /OUTSIDE,2ND AV&FOOTHILL BLVD,"March, 5 2021",FOF210305015699
ENCAMPMENT /OUTSIDE,HIGH ST&JENSEN ST,"March, 6 2021",FOF210306015790
ENCAMPMENT /OUTSIDE,BROADWAY&EB I580,"March, 6 2021",FOF210306015908
ENCAMPMENT /OUTSIDE,7TH ST&BRUSH ST,"March, 7 2021",FOF210307016027
ENCAMPMENT /OUTSIDE,DENNISON ST&EMBARCADERO,"March, 7 2021",FOF210307016043
ENCAMPMENT /OUTSIDE,36TH ST&TELEGRAPH AV,"March, 7 2021",FOF210307016103
ENCAMPMENT /OUTSIDE,BROADWAY&EB I580,"March, 7 2021",FOF210307016157
ENCAMPMENT /OUTSIDE,2000 SAN PABLO AV,"March, 8 2021",FOF210308016372
ENCAMPMENT /OUTSIDE,CROXTON AV&RICHMOND BLVD,"March, 8 2021",FOF210308016411
ENCAMPMENT /OUTSIDE,E 12TH ST&19TH AV,"March, 9 2021",FOF210309016498
ENCAMPMENT /OUTSIDE,HEGENBERGER RD&SAN LEANDRO ST,"March, 9 2021",FOF210309016621
ENCAMPMENT /OUTSIDE,16TH ST&WOOD ST,"March, 10 2021",FOF210310016715
ENCAMPMENT /OUTSIDE,27TH ST&NORTHGATE AV,"March, 10 2021",FOF210310016857
ENCAMPMENT /OUTSIDE,5TH ST&ADELINE ST,"March, 10 2021",FOF210310016866
ENCAMPMENT /OUTSIDE,5TH ST&UNION ST,"March, 10 2021",FOF210310016868
ENCAMPMENT /OUTSIDE,4336 BROOKDALE AV,"March, 11 2021",FOF210311017089
ENCAMPMENT /OUTSIDE,6TH ST&ADELINE ST,"March, 12 2021",FOF210312017171
ENCAMPMENT /OUTSIDE,624 SYCAMORE ST,"March, 12 2021",FOF210312017391
ENCAMPMENT /OUTSIDE,6TH ST&FRANKLIN ST,"March, 12 2021",FOF210312017395
ENCAMPMENT /OUTSIDE,E 12TH ST&16TH AV,"March, 14 2021",FOF210314017694
ENCAMPMENT /OUTSIDE,22ND ST&BRUSH ST,"March, 15 2021",FOF210315017999
ENCAMPMENT /OUTSIDE,3612 WEBSTER ST,"March, 15 2021",FOF210315018039
ENCAMPMENT /OUTSIDE,24TH ST&WOOD ST,"March, 16 2021",FOF210316018057
ENCAMPMENT /OUTSIDE,5TH ST&JACKSON ST,"March, 16 2021",FOF210316018081
ENCAMPMENT /OUTSIDE,5TH ST&MADISON ST,"March, 16 2021",FOF210316018085
ENCAMPMENT /OUTSIDE,2510 WOOD ST,"March, 16 2021",FOF210316018141
ENCAMPMENT /OUTSIDE,11TH ST&BRUSH ST,"March, 16 2021",FOF210316018151
ENCAMPMENT /OUTSIDE,ALAMEDA AV&HIGH ST,"March, 16 2021",FOF210316018200
ENCAMPMENT /OUTSIDE,29TH ST&MARTIN LUTHER KING JR WY,"March, 16 2021",FOF210316018224
ENCAMPMENT /OUTSIDE,30TH ST&MARTIN LUTHER KING JR WY,"March, 16 2021",FOF210316018228
ENCAMPMENT /OUTSIDE,NORTHGATE AV&SYCAMORE ST,"March, 16 2021",FOF210316018259
ENCAMPMENT /OUTSIDE,13TH ST&MANDELA PKWY,"March, 17 2021",FOF210317018361
ENCAMPMENT /OUTSIDE,14TH ST&OAK ST,"March, 17 2021",FOF210317018473
ENCAMPMENT /OUTSIDE,E 12TH ST&19TH AV,"March, 18 2021",FOF210318018572
ENCAMPMENT /OUTSIDE,23RD ST&MARTIN LUTHER KING JR WY,"March, 18 2021",FOF210318018608
ENCAMPMENT /OUTSIDE,6TH ST&WEBSTER ST,"March, 18 2021",FOF210318018672
ENCAMPMENT /OUTSIDE,EB I580&WEBSTER ST,"March, 19 2021",FOF210319018954
ENCAMPMENT /OUTSIDE,98TH AV&SB I880,"March, 19 2021",FOF210319018955
ENCAMPMENT /OUTSIDE,6TH ST&WEBSTER ST,"March, 19 2021",FOF210319018957
ENCAMPMENT /OUTSIDE,29TH ST&TELEGRAPH AV,"March, 20 2021",FOF210320019079
ENCAMPMENT /OUTSIDE,EB I580&WB S24,"March, 20 2021",FOF210320019110
ENCAMPMENT /OUTSIDE,6TH ST&WEBSTER ST,"March, 21 2021",FOF210321019317
ENCAMPMENT /OUTSIDE,5TH ST&JACKSON ST,"March, 21 2021",FOF210321019341
ENCAMPMENT /OUTSIDE,5TH ST&WEBSTER ST,"March, 21 2021",FOF210321019359
ENCAMPMENT /OUTSIDE,13TH ST&CENTER ST,"March, 21 2021",FOF210321019397
ENCAMPMENT /OUTSIDE,E 12TH ST&14TH AV,"March, 21 2021",FOF210321019411
ENCAMPMENT /OUTSIDE,BROADWAY&EB I580,"March, 22 2021",FOF210322019424
ENCAMPMENT /OUTSIDE,HARRISON ST&EB I580,"March, 22 2021",FOF210322019437
ENCAMPMENT /OUTSIDE,4000 ALAMEDA AV,"March, 22 2021",FOF210322019639
ENCAMPMENT /OUTSIDE,29TH ST&TELEGRAPH AV,"March, 22 2021",FOF210322019689
ENCAMPMENT /OUTSIDE,66TH AV&OAKPORT ST,"March, 22 2021",FOF210322019695
ENCAMPMENT /OUTSIDE,250 E 12TH ST,"March, 23 2021",FOF210323019729
ENCAMPMENT /OUTSIDE,6TH ST&WEBSTER ST,"March, 23 2021",FOF210323019796
ENCAMPMENT /OUTSIDE,14TH AV&MACARTHUR BLVD,"March, 23 2021",FOF210323019955
ENCAMPMENT /OUTSIDE,5800 OAKPORT ST,"March, 23 2021",FOF210323019960
ENCAMPMENT /OUTSIDE,5TH ST&MADISON ST,"March, 23 2021",FOF210323019971
ENCAMPMENT /OUTSIDE,5TH ST&OAK ST,"March, 23 2021",FOF210323019972
ENCAMPMENT /OUTSIDE,6TH ST&JACKSON ST,"March, 24 2021",FOF210324019991
ENCAMPMENT /OUTSIDE,6TH ST&JACKSON ST,"March, 24 2021",FOF210324020011
ENCAMPMENT /OUTSIDE,16TH ST&WOOD ST,"March, 24 2021",FOF210324020152
ENCAMPMENT /OUTSIDE,14TH ST&FRONTAGE RD,"March, 24 2021",FOF210324020154
ENCAMPMENT /OUTSIDE,40TH ST&MARTIN LUTHER KING JR WY,"March, 25 2021",FOF210325020285
ENCAMPMENT /OUTSIDE,14TH AV/E 33RD ST,"March, 25 2021",FOF210325020301
ENCAMPMENT /OUTSIDE,5TH ST&JACKSON ST,"March, 25 2021",FOF210325020306
ENCAMPMENT /OUTSIDE,2450 MARTIN LUTHER KING JR WY,"March, 25 2021",FOF210325020367
ENCAMPMENT /OUTSIDE,29TH ST&TELEGRAPH AV,"March, 26 2021",FOF210326020534
ENCAMPMENT /OUTSIDE,MARTIN LUTHER KING JR WY&SYCAMORE ST,"March, 26 2021",FOF210326020547
ENCAMPMENT /OUTSIDE,MACARTHUR BLVD&OAKLAND AV,"March, 26 2021",FOF210326020698
ENCAMPMENT /OUTSIDE,51ST ST&MARTIN LUTHER KING JR WY,"March, 27 2021",FOF210327020781
ENCAMPMENT /OUTSIDE,EB 27TH ONRP ST&EB S24,"March, 27 2021",FOF210327020783
ENCAMPMENT /OUTSIDE,8TH ST&JACKSON ST,"March, 27 2021",FOF210327020921
ENCAMPMENT /OUTSIDE,W GRAND AV&SAN PABLO AV,"March, 28 2021",FOF210328021109
ENCAMPMENT /OUTSIDE,BROADWAY&W MACARTHUR BLVD,"March, 28 2021",FOF210328021117
ENCAMPMENT /OUTSIDE,23RD ST&MARTIN LUTHER KING JR WY,"March, 28 2021",FOF210328021241
ENCAMPMENT /OUTSIDE,8TH ST&CASTRO ST,"March, 28 2021",FOF210328021299
ENCAMPMENT /OUTSIDE,34TH ST&PERALTA ST,"March, 29 2021",FOF210329021371
ENCAMPMENT /OUTSIDE,7TH ST&CASTRO ST,"March, 29 2021",FOF210329021546
ENCAMPMENT /OUTSIDE,E 12TH ST&23RD AV,"March, 30 2021",FOF210330021638
ENCAMPMENT /OUTSIDE,6TH ST&FRANKLIN ST,"March, 30 2021",FOF210330021683
ENCAMPMENT /OUTSIDE,BEACH ST&WOOD ST,"March, 30 2021",FOF210330021802
ENCAMPMENT /OUTSIDE,HIGH ST&HOWARD ST,"March, 31 2021",FOF210331021950
ENCAMPMENT /OUTSIDE,4000 ALAMEDA AV,"March, 31 2021",FOF210331021953
ENCAMPMENT /OUTSIDE,12TH ST&LAKE MERRITT BLVD,"March, 31 2021",FOF210331021995
ENCAMPMENT /OUTSIDE,36TH ST&TELEGRAPH AV,"March, 31 2021",FOF210331022011
ENCAMPMENT /OUTSIDE,ALAMEDA AV&HIGH ST,"March, 31 2021",FOF210331022119
ENCAMPMENT /OUTSIDE,16TH ST&PULLMAN WY,"April, 1 2021",FOF210401022132
ENCAMPMENT /OUTSIDE,1026 PINE ST,"April, 1 2021",FOF210401022160
ENCAMPMENT /OUTSIDE,1520 LAKESIDE DR,"April, 1 2021",FOF210401022167
ENCAMPMENT /OUTSIDE,NB 23RD ONRP AV&NB I880,"April, 1 2021",FOF210401022170
ENCAMPMENT /OUTSIDE,34TH ST&TELEGRAPH AV,"April, 1 2021",FOF210401022198
ENCAMPMENT /OUTSIDE,30TH ST&TELEGRAPH AV,"April, 2 2021",FOF210402022445
ENCAMPMENT /OUTSIDE,5TH ST&JACKSON ST,"April, 2 2021",FOF210402022566
ENCAMPMENT /OUTSIDE,7TH ST&CASTRO ST,"April, 2 2021",FOF210402022576
ENCAMPMENT /OUTSIDE,6TH ST&WEBSTER ST,"April, 2 2021",FOF210402022582
ENCAMPMENT /OUTSIDE,22ND AV&LIVINGSTON ST,"April, 2 2021",FOF210402022599
ENCAMPMENT /OUTSIDE,3600 BROADWAY,"April, 3 2021",FOF210403022660
ENCAMPMENT /OUTSIDE,E 12TH ST&23RD AV,"April, 4 2021",FOF210404022935
ENCAMPMENT /OUTSIDE,E 12TH ST&26TH AV,"April, 4 2021",FOF210404023017
ENCAMPMENT /OUTSIDE,10TH ST&2ND AV,"April, 4 2021",FOF210404023033
ENCAMPMENT /OUTSIDE,ADELINE ST&MIDDLE HARBOR RD,"April, 5 2021",FOF210405023127
ENCAMPMENT /OUTSIDE,42ND ST&MARTIN LUTHER KING JR WY,"April, 5 2021",FOF210405023161
ENCAMPMENT /OUTSIDE,EB 27TH ONRP ST&EB S24,"April, 5 2021",FOF210405023304
ENCAMPMENT /OUTSIDE,96TH AV&INTERNATIONAL BLVD,"April, 5 2021",FOF210405023331
ENCAMPMENT /OUTSIDE,34TH ST&TELEGRAPH AV,"April, 5 2021",FOF210405023363
ENCAMPMENT /OUTSIDE,E 12TH ST&26TH AV,"April, 6 2021",FOF210406023417
ENCAMPMENT /OUTSIDE,E 12TH ST&26TH AV,"April, 6 2021",FOF210406023430
ENCAMPMENT /OUTSIDE,11TH ST&BRUSH ST,"April, 6 2021",FOF210406023479
ENCAMPMENT /OUTSIDE,E 12TH ST&23RD AV,"April, 7 2021",FOF210407023620
ENCAMPMENT /OUTSIDE,7TH ST&BRUSH ST,"April, 8 2021",FOF210408024074
ENCAMPMENT /OUTSIDE,23RD ST&BRUSH ST,"April, 9 2021",FOF210409024129
ENCAMPMENT /OUTSIDE,34TH ST&WOOD ST,"April, 9 2021",FOF210409024161
ENCAMPMENT /OUTSIDE,BROADWAY&W MACARTHUR BLVD,"April, 9 2021",FOF210409024290
ENCAMPMENT /OUTSIDE,E 12TH ST&21ST AV,"April, 10 2021",FOF210410024573
ENCAMPMENT /OUTSIDE,CARY AV&EDES AV,"April, 11 2021",FOF210411024619
ENCAMPMENT /OUTSIDE,E 12TH ST&1ST AV,"April, 11 2021",FOF210411024708
ENCAMPMENT /OUTSIDE,34TH ST&TELEGRAPH AV,"April, 11 2021",FOF210411024739
ENCAMPMENT /OUTSIDE,BROADWAY&EB I580,"April, 11 2021",FOF210411024741
ENCAMPMENT /OUTSIDE,NORTHGATE AV&SYCAMORE ST,"April, 12 2021",FOF210412024864
ENCAMPMENT /OUTSIDE,23RD ST&MARTIN LUTHER KING JR WY,"April, 12 2021",FOF210412024940
ENCAMPMENT /OUTSIDE,ALAMEDA AV&FRUITVALE AV,"April, 12 2021",FOF210412025011
ENCAMPMENT /OUTSIDE,3612 WEBSTER ST,"April, 13 2021",FOF210413025247
ENCAMPMENT /OUTSIDE,6TH ST&WEBSTER ST,"April, 13 2021",FOF210413025252
ENCAMPMENT /OUTSIDE,EB I580&MARKET ST,"April, 15 2021",FOF210415025678
ENCAMPMENT /OUTSIDE,WB HARRISON ONRP ST&EB I580,"April, 15 2021",FOF210415025680
ENCAMPMENT /OUTSIDE,BROADWAY&W MACARTHUR BLVD,"April, 15 2021",FOF210415025689
ENCAMPMENT /OUTSIDE,BROADWAY&EB I580,"April, 16 2021",FOF210416025792
ENCAMPMENT /OUTSIDE,6TH ST&MARKET ST,"April, 17 2021",FOF210417026125
ENCAMPMENT /OUTSIDE,34TH ST&ANDOVER ST,"April, 17 2021",FOF210417026130
ENCAMPMENT /OUTSIDE,23RD AV&E 7TH ST,"April, 18 2021",FOF210418026527
ENCAMPMENT /OUTSIDE,7TH ST&ADELINE ST,"April, 19 2021",FOF210419026620
ENCAMPMENT /OUTSIDE,7TH ST&BRUSH ST,"April, 19 2021",FOF210419026690
,,,
,,,
,,,
,,,
,,,
,,,
,,,
,,,
,,,
,,,
,,,
,,,
,,,
,,,
,,,
,,,
,,,
,,,
,,,
,,,
,,,
,,,
,,,
,,,
,,,
,,,
,,,
,,,
,,,
,,,
,,,
,,,
,,,
,,,
,,,
,,,
,,,
,,,
,,,
,,,
,,,
,,,
,,,
,,,
,,,
,,,
,,,
,,,
,,,
,,,
,,,
,,,
,,,
,,,
,,,
,,,
,,,
,,,
,,,
,,,
,,,
,,,
,,,
,,,
,,,
,,,
,,,
,,,
,,,
,,,
,,,
,,,
,,,
,,,
,,,
,,,
,,,
,,,
,,,
,,,
,,,
,,,
,,,
,,,
,,,
,,,
,,,
,,,
,,,
,,,
,,,
,,,
,,,
,,,
,,,
,,,
,,,
,,,
,,,
,,,
,,,
,,,
,,,
,Total Events:,,
