Date	Event	Recorded Address	Latitude	Longitude	Geolocated Address	Geolocator
2020-01-01	FOF200101000241	5TH ST & BROADWAY	37.79812	-122.27505		manual, openstreetmap
2020-01-01	FOF200101000260	CLAREMONT AV & HUDSON ST	37.843147	-122.2571661	Claremont Avenue & Hudson Street, Claremont Avenue, Temescal, Oakland, Alameda County, California, 94609, United States of America	geoloky
2020-01-02	FOF200102000291	860 77TH AV	37.752079979873	-122.19303599585	860, 77th Avenue, Elmhurst, Oakland, Alameda County, California, 94621, United States of America	geoloky
2020-01-02	FOF200102000301	860 77TH AV	37.752079979873	-122.19303599585	860, 77th Avenue, Elmhurst, Oakland, Alameda County, California, 94621, United States of America	geoloky
2020-01-02	FOF200102000331	E 10TH ST & 9TH AV	37.790870022863	-122.25336992287	E 10th St & 9th Ave, Oakland, California, 94606	geoloky
2020-01-02	FOF200102000349	27TH ST & MARTIN LUTHER KING JR WY	37.817000061188	-122.27162989894	27th St & Martin Luther King Jr Way, Oakland, California, 94612	geoloky
2020-01-02	FOF200102000392	107TH AV & RUSSETT ST	37.73424	-122.17393		manual, openstreetmap
2020-01-02	FOF200102000536	6TH ST & JACKSON ST	37.8040804	-122.2639498	Jackson Street, Lakeside, Oakland, Alameda County, California, 94612, United States of America	geoloky
2020-01-03	FOF200103000547	800 47TH AV	37.767174	-122.215438	800, 47th Avenue, Melrose, Oakland, Alameda County, California, 94601, United States of America	geoloky
2020-01-03	FOF200103000617	DENNISON ST & EMBARCADERO	37.779330028118	-122.24256992445	Dennison St & Embarcadero, Oakland, California, 94606	geoloky
2020-01-03	FOF200103000779	5TH ST & WEBSTER ST	37.797130047249	-122.27267989995	5th St & Webster St, Oakland, California, 94607	geoloky
2020-01-05	FOF200105001231	47TH AV & SAN LEANDRO ST	37.768170026954	-122.21418988994	47th Ave & San Leandro St, Oakland, California, 94601	geoloky
2020-01-06	FOF200106001320	HIGH ST & MACARTHUR BLVD	37.7871677	-122.1949885	High Street & MacArthur Boulevard, High Street, Laurel, Oakland, Alameda County, California, 94619, United States of America	geoloky
2020-01-07	FOF200107001570	42ND AV & WATTLING ST	37.770440055882	-122.21930989168	42nd Ave & Wattling St, Oakland, California, 94601	geoloky
2020-01-07	FOF200107001634	50TH AV & SAN LEANDRO ST	37.766360038783	-122.21212995342	50th Ave & San Leandro St, Oakland, California, 94601	geoloky
2020-01-07	FOF200107001653	5TH ST & BROADWAY	37.798160057421	-122.2750399086	5th St & Broadway, Oakland, California, 94607	geoloky
2020-01-07	FOF200107001668	CASTRO ST & SAN PABLO AV	37.811670050869	-122.27369989374	Castro St & San Pablo Ave, Oakland, California, 94612	geoloky
2020-01-07	FOF200107001806	9603 INTERNATIONAL BLVD	37.7688033	-122.2073943	International Boulevard, Melrose, Oakland, Alameda County, California, 94601, United States of America	geoloky
2020-01-07	FOF200107001808	5TH ST & KIRKHAM ST	37.803520033045	-122.292749948	5th St & Kirkham St, Oakland, California, 94607	geoloky
2020-01-08	FOF200108001881	E 10TH ST & 2ND AV	37.795930052081	-122.25913994119	E 10th St & 2nd Ave, Oakland, California, 94606	geoloky
2020-01-08	FOF200108001979	E 10TH ST & 2ND AV	37.795930052081	-122.25913994119	E 10th St & 2nd Ave, Oakland, California, 94606	geoloky
2020-01-10	FOF200110002428	12TH ST & LAKE MERRITT BLVD	37.799070038739	-122.26190990874	12th St & Lake Merritt Blvd, Oakland, California, 94607	geoloky
2020-01-10	FOF200110002523	SAN LEANDRO ST & SEMINARY AV	37.760880034306	-122.20559994793	San Leandro St & Seminary Ave, Oakland, California, 94621	geoloky
2020-01-10	FOF200110002573	34TH ST & HOLLIS ST	37.825910024264	-122.28409990775	34th St & Hollis St, Emeryville, California, 94608	geoloky
2020-01-11	FOF200111002896	NORTHGATE AV & SYCAMORE ST	37.81542003053	-122.27023992793	Northgate Ave & Sycamore St, Oakland, California, 94612	geoloky
2020-01-11	FOF200111002898	6TH ST & ALICE ST	37.792312744544	-122.2726534649	6, Alice Street, Jack London Square, Oakland, Alameda County, California, 94607, United States of America	geoloky
2020-01-11	FOF200111002899	6TH ST & WEBSTER ST	37.7972411	-122.2728657	Webster Street, Jack London Square, Oakland, Alameda County, California, 94607, United States of America	geoloky
2020-01-13	FOF200113003177	34TH ST & TELEGRAPH AV	37.822470049291	-122.26624989056	34th St & Telegraph Ave, Oakland, California, 94609	geoloky
2020-01-13	FOF200113003350	EB CLAREMONT OFFRP AV & EB S24	37.847489186507	-122.25384862195	Claremont Ave, Oakland, California, 94618	geoloky
2020-01-14	FOF200114003399	30TH ST & MARTIN LUTHER KING JR WY	37.819650041787	-122.27095993341	30th St & Martin Luther King Jr Way, Oakland, California, 94609	geoloky
2020-01-15	FOF200115003744	6TH ST & WEBSTER ST	37.7972411	-122.2728657	Webster Street, Jack London Square, Oakland, Alameda County, California, 94607, United States of America	geoloky
2020-01-15	FOF200115003818	3505 BROADWAY	37.8002678	-122.2736733	Broadway, Old Oakland Historic District, Oakland, Alameda County, California, 94607, United States of America	geoloky
2020-01-15	FOF200115003840	7TH ST & WEBSTER ST	37.79856004184	-122.27178990947	7th St & Webster St, Oakland, California, 94607	geoloky
2020-01-16	FOF200116003975	4TH ST & WEBSTER ST	37.796480030658	-122.27310989158	4th St & Webster St, Oakland, California, 94607	geoloky
2020-01-16	FOF200116004014	42ND AV & INTERNATIONAL BLVD	37.772960033162	-122.21613993971	42nd Ave & International Blvd, Oakland, California, 94601	geoloky
2020-01-16	FOF200116004035	7TH ST & WEBSTER ST	37.79856004184	-122.27178990947	7th St & Webster St, Oakland, California, 94607	geoloky
2020-01-17	FOF200117004388	6TH ST & WEBSTER ST	37.7972411	-122.2728657	Webster Street, Jack London Square, Oakland, Alameda County, California, 94607, United States of America	geoloky
2020-01-18	FOF200118004605	2756 MARTIN LUTHER KING JR WY	37.81752799536	-122.27120996559	2756 Martin Luther King Jr Way, Oakland, California, 94612	geoloky
2020-01-19	FOF200119004905	W GRAND AV & MARITIME ST	37.822640034288	-122.30041989232	W Grand Ave & Maritime St, Oakland, California, 94607	geoloky
2020-01-19	FOF200119004915	W GRAND AV & MARITIME ST	37.822640034288	-122.30041989232	W Grand Ave & Maritime St, Oakland, California, 94607	geoloky
2020-01-20	FOF200120004924	630 HIGH ST	37.7674874	-122.2205634	Shell, 630, High Street, Fruitvale, Oakland, Alameda County, California, 94601, United States of America	geoloky
2020-01-20	FOF200120005103	47TH AV & BANCROFT AV	37.771770054368	-122.20976994476	47th Ave & Bancroft Ave, Oakland, California, 94601	geoloky
2020-01-20	FOF200120005140	45TH AV & BANCROFT AV	37.772630037634	-122.21197991735	45th Ave & Bancroft Ave, Oakland, California, 94601	geoloky
2020-01-20	FOF200120005147	E 7TH ST & FRUITVALE AV	37.772190029627	-122.2283799491	E 7th St & Fruitvale Ave, Oakland, California, 94601	geoloky
2020-01-21	FOF200121005256	HAWTHORNE AV & SUMMIT ST	37.82095003306	-122.26416992129	Hawthorne Ave & Summit St, Oakland, California, 94609	geoloky
2020-01-21	FOF200121005265	34TH ST & WEBSTER ST	37.822060048497	-122.26192994149	34th St & Webster St, Oakland, California, 94609	geoloky
2020-01-22	FOF200122005532	7TH ST & BRUSH ST	37.802290030663	-122.28131988192	7th St & Brush St, Oakland, California, 94607	geoloky
2020-01-23	FOF200123005831	W GRAND AV & MARTIN LUTHER KING JR WY	37.812480036082	-122.27277989605	W Grand Ave & Martin Luther King Jr Way, Oakland, California, 94612	geoloky
2020-01-23	FOF200123005832	W GRAND AV & MARTIN LUTHER KING JR WY	37.812480036082	-122.27277989605	W Grand Ave & Martin Luther King Jr Way, Oakland, California, 94612	geoloky
2020-01-23	FOF200123005867	37TH ST & MARTIN LUTHER KING JR WY	37.826290059754	-122.26928992303	37th St & Martin Luther King Jr Way, Oakland, California, 94609	geoloky
2020-01-23	FOF200123005963	171 8TH ST	37.797590553132	-122.26740158189	171, 8th Street, Chinatown, Oakland, Alameda County, California, 94607, United States of America	geoloky
2020-01-23	FOF200123005972	ALAMEDA AV & FRUITVALE AV	37.7680722	-122.2210434	Alameda Avenue, Fruitvale, Oakland, Alameda County, California, 94601, United States of America	geoloky
2020-01-24	FOF200124006046	7TH ST & KIRKHAM ST	37.804720028213	-122.29232993084	7th St & Kirkham St, Oakland, California, 94607	geoloky
2020-01-24	FOF200124006155	11143 ROBLEDO DR	37.728889045266	-122.17242245782	11143, Robledo Drive, Brookfield Village, Oakland, Alameda County, California, 94603, United States of America	geoloky
2020-01-25	FOF200125006443	82ND AV & RUDSDALE ST	37.752770040069	-122.18454988775	82nd Ave & Rudsdale St, Oakland, California, 94621	geoloky
2020-01-25	FOF200125006498	E 8TH ST & E 9TH ST	37.77274606821	-122.22656116057	E 8th St & E 9th St, Oakland, California, 94601	geoloky
2020-01-26	FOF200126006571	ROYAL ST & SAN LEANDRO ST	37.732770022812	-122.17138988067	Royal St & San Leandro St, Oakland, California, 94603	geoloky
2020-01-26	FOF200126006638	12TH ST & LAKE MERRITT BLVD	37.799070038739	-122.26190990874	12th St & Lake Merritt Blvd, Oakland, California, 94607	geoloky
2020-01-26	FOF200126006692	98TH AV & B ST	37.7427213	-122.1741936	98th Avenue & B Street, 98th Avenue, Arcadia Park, Oakland, Alameda County, California, 94621, United States of America	geoloky
2020-01-27	FOF200127006848	66TH AV & SAN LEANDRO ST	37.756810033581	-122.20077993451	66th Ave & San Leandro St, Oakland, California, 94621	geoloky
2020-01-27	FOF200127006857	35TH ST & MARTIN LUTHER KING JR WY	37.82414005968	-122.26982988523	35th St & Martin Luther King Jr Way, Oakland, California, 94609	geoloky
2020-01-27	FOF200127006981	HARRISON ST & MACARTHUR BLVD	37.819850033997	-122.25412991003	Harrison St & MacArthur Blvd, Oakland, California, 94611	geoloky
2020-01-28	FOF200128007006	54TH AV & SAN LEANDRO ST	37.7642800276	-122.20963994144	54th Ave & San Leandro St, Oakland, California, 94601	geoloky
2020-01-28	FOF200128007029	CLAREMONT AV & HUDSON ST	37.843147	-122.2571661	Claremont Avenue & Hudson Street, Claremont Avenue, Temescal, Oakland, Alameda County, California, 94609, United States of America	geoloky
2020-01-28	FOF200128007070	11TH ST & BRUSH ST	37.8052283	-122.2802435	11th Street & Brush Street, 11th Street, Old Oakland Historic District, Oakland, Alameda County, California, 94607, United States of America	geoloky
2020-01-29	FOF200129007458	DENNISON ST & EMBARCADERO	37.779330028118	-122.24256992445	Dennison St & Embarcadero, Oakland, California, 94606	geoloky
2020-01-30	FOF200130007653	CASTRO ST & SAN PABLO AV	37.811670050869	-122.27369989374	Castro St & San Pablo Ave, Oakland, California, 94612	geoloky
2020-01-31	FOF200131007871	12TH ST & BRUSH ST	37.805880041703	-122.27946991207	12th St & Brush St, Oakland, California, 94607	geoloky
2020-02-01	FOF200201008165	54TH AV & SAN LEANDRO ST	37.7642800276	-122.20963994144	54th Ave & San Leandro St, Oakland, California, 94601	geoloky
2020-02-01	FOF200201008216	34TH ST & TELEGRAPH AV	37.822470049291	-122.26624989056	34th St & Telegraph Ave, Oakland, California, 94609	geoloky
2020-02-01	FOF200201008227	25TH ST & NORTHGATE AV	37.814680034208	-122.27031989129	25th St & Northgate Ave, Oakland, California, 94612	geoloky
2020-02-02	FOF200202008443	105TH AV & SAN LEANDRO ST	37.7353	-122.17514		manual, openstreetmap
2020-02-03	FOF200203008644	8451 SAN LEANDRO ST	37.74706535	-122.19065205277	Pick-N-Pull, 8451, San Leandro Street, Melrose, Oakland, Alameda County, California, 94621, United States of America	geoloky
2020-02-04	FOF200204009033	54TH AV & SAN LEANDRO ST	37.7642800276	-122.20963994144	54th Ave & San Leandro St, Oakland, California, 94601	geoloky
2020-02-06	FOF200206009311	6TH ST & FRANKLIN ST	37.794281166667	-122.27587570833	6, Franklin Street, Jack London Square, Oakland, Alameda County, California, 94607, United States of America	geoloky
2020-02-07	FOF200207009594	23RD ST & MARTIN LUTHER KING JR WY	37.813260055991	-122.27254989663	23rd St & Martin Luther King Jr Way, Oakland, California, 94612	geoloky
2020-02-07	FOF200207009807	47TH AV & SAN LEANDRO ST	37.768170026954	-122.21418988994	47th Ave & San Leandro St, Oakland, California, 94601	geoloky
2020-02-08	FOF200208009823	66TH AV & COLISEUM WY	37.7552031	-122.2052224	66th Avenue & Coliseum Way, 66th Avenue, Melrose, Oakland, Alameda County, California, 94621, United States of America	geoloky
2020-02-08	FOF200208009840	600 HARRISON ST	37.797353	-122.270993	600, Harrison Street, Chinatown, Oakland, Alameda County, California, 94612, United States of America	geoloky
2020-02-08	FOF200208009863	36TH ST & MARTIN LUTHER KING JR WY	37.825080048211	-122.26958991134	36th St & Martin Luther King Jr Way, Oakland, California, 94609	geoloky
2020-02-09	FOF200209010347	275 7TH ST	37.798096	-122.270836	275, 7th Street, Chinatown, Oakland, Alameda County, California, 94607, United States of America	geoloky
2020-02-10	FOF200210010559	NORTHGATE AV & SYCAMORE ST	37.81542003053	-122.27023992793	Northgate Ave & Sycamore St, Oakland, California, 94612	geoloky
2020-02-10	FOF200210010578	36TH ST & MARKET ST	37.8264491	-122.2756352	36th Street, Hoover-Foster, Oakland, Alameda County, California, 94608, United States of America	geoloky
2020-02-10	FOF200210010622	2100 EMBARCADERO	37.77998142344	-122.24257642169	2100, Embarcadero, Jingletown, Oakland, Alameda County, California, 94606, United States of America	geoloky
2020-02-11	FOF200211010781	1995 EMBARCADERO	37.783791437521	-122.24328254167	1995, Embarcadero, San Antonio, Oakland, Alameda County, California, 94606, United States of America	geoloky
2020-02-11	FOF200211010787	12TH ST & LAKE MERRITT BLVD	37.799070038739	-122.26190990874	12th St & Lake Merritt Blvd, Oakland, California, 94607	geoloky
2020-02-11	FOF200211010953	34TH ST & WOOD ST	37.82455	-122.2907		manual, openstreetmap
2020-02-11	FOF200211010975	5TH ST & BROADWAY	37.798160057421	-122.2750399086	5th St & Broadway, Oakland, California, 94607	geoloky
2020-02-12	FOF200212011044	3601 TELEGRAPH AV	37.8372721	-122.2623213	Telegraph Avenue, Temescal, Oakland, Alameda County, California, 94609, United States of America	geoloky
2020-02-12	FOF200212011079	1925 BRUSH ST	37.8129958	-122.2746758	Brush Street, San Pablo Gateway, Oakland, Alameda County, California, 94612-2202, United States of America	geoloky
2020-02-13	FOF200213011296	85TH AV & SAN LEANDRO ST	37.747000021742	-122.18907988732	85th Ave & San Leandro St, Oakland, California, 94621	geoloky
2020-02-13	FOF200213011450	DENNISON ST & EMBARCADERO	37.779330028118	-122.24256992445	Dennison St & Embarcadero, Oakland, California, 94606	geoloky
2020-02-13	FOF200213011455	2100 EMBARCADERO	37.77998142344	-122.24257642169	2100, Embarcadero, Jingletown, Oakland, Alameda County, California, 94606, United States of America	geoloky
2020-02-17	FOF200217012282	6TH ST & WEBSTER ST	37.7972411	-122.2728657	Webster Street, Jack London Square, Oakland, Alameda County, California, 94607, United States of America	geoloky
2020-02-17	FOF200217012373	29TH ST & TELEGRAPH AV	37.818220047196	-122.26739988768	29th St & Telegraph Ave, Oakland, California, 94609	geoloky
2020-02-17	FOF200217012451	47TH AV & SAN LEANDRO ST	37.768170026954	-122.21418988994	47th Ave & San Leandro St, Oakland, California, 94601	geoloky
2020-02-17	FOF200217012460	7TH ST & BRUSH ST	37.802290030663	-122.28131988192	7th St & Brush St, Oakland, California, 94607	geoloky
2020-02-18	FOF200218012557	23RD ST & MARTIN LUTHER KING JR WY	37.813260055991	-122.27254989663	23rd St & Martin Luther King Jr Way, Oakland, California, 94612	geoloky
2020-02-18	FOF200218012729	36TH ST & MARTIN LUTHER KING JR WY	37.825080048211	-122.26958991134	36th St & Martin Luther King Jr Way, Oakland, California, 94609	geoloky
2020-02-18	FOF200218012761	E 12TH ST & 16TH AV	37.7921407	-122.2514854	East 12th Street, San Antonio, Oakland, Alameda County, California, 94606-3636, United States of America	geoloky
2020-02-19	FOF200219013043	34TH ST & TELEGRAPH AV	37.822470049291	-122.26624989056	34th St & Telegraph Ave, Oakland, California, 94609	geoloky
2020-02-20	FOF200220013291	ALAMEDA AV & HIGH ST	37.7695065	-122.2296357	Alameda Avenue, Oakland, Alameda County, California, 94601, United States of America	geoloky
2020-02-20	FOF200220013329	34TH ST & TELEGRAPH AV	37.822470049291	-122.26624989056	34th St & Telegraph Ave, Oakland, California, 94609	geoloky
2020-02-21	FOF200221013459	23RD ST & BRUSH ST	37.813330044883	-122.27442995751	23rd St & Brush St, Oakland, California, 94612	geoloky
2020-02-23	FOF200223013966	HOLLIS ST & W MACARTHUR BLVD	37.82762005824	-122.28461992102	Hollis St & W MacArthur Blvd, Emeryville, California, 94608	geoloky
2020-02-24	FOF200224014198	7TH ST & BRUSH ST	37.802290030663	-122.28131988192	7th St & Brush St, Oakland, California, 94607	geoloky
2020-02-24	FOF200224014271	2000 DENNISON ST	37.779513406225	-122.2414181126	2000, Dennison Street, Jingletown, Oakland, Alameda County, California, 94606, United States of America	geoloky
2020-02-25	FOF200225014406	85TH AV & SAN LEANDRO ST	37.747000021742	-122.18907988732	85th Ave & San Leandro St, Oakland, California, 94621	geoloky
2020-02-25	FOF200225014578	900 FALLON ST	37.797243	-122.263706	900, Fallon Street, Civic Center, Oakland, Alameda County, California, 94607, United States of America	geoloky
2020-02-25	FOF200225014604	7TH ST & BRUSH ST	37.802290030663	-122.28131988192	7th St & Brush St, Oakland, California, 94607	geoloky
2020-02-26	FOF200226014735	8511 SAN LEANDRO ST	37.7722695	-122.2205966	San Leandro Street, Fruitvale, Oakland, Alameda County, California, 94601, United States of America	geoloky
2020-02-26	FOF200226014747	E 12TH ST & 19TH AV	37.7921407	-122.2514854	East 12th Street, San Antonio, Oakland, Alameda County, California, 94606-3636, United States of America	geoloky
2020-02-26	FOF200226014824	85TH AV & SAN LEANDRO ST	37.747000021742	-122.18907988732	85th Ave & San Leandro St, Oakland, California, 94621	geoloky
2020-02-26	FOF200226014889	7TH ST & ALICE ST	37.7976045	-122.2695959	7th Street & Alice Street, 7th Street, Chinatown, Oakland, Alameda County, California, 94607, United States of America	geoloky
2020-02-28	FOF200228015317	34TH ST & WEBSTER ST	37.822060048497	-122.26192994149	34th St & Webster St, Oakland, California, 94609	geoloky
2020-02-28	FOF200228015356	1577 BEACH ST	37.8278341	-122.2909354	Beach Street, Golden Gate, Oakland, Alameda County, California, 94608, United States of America	geoloky
2020-02-28	FOF200228015475	ALAMEDA AV & FRUITVALE AV	37.7680722	-122.2210434	Alameda Avenue, Fruitvale, Oakland, Alameda County, California, 94601, United States of America	geoloky
2020-02-29	FOF200229015626	MARTIN LUTHER KING JR WY & SYCAMORE ST	37.815650029953	-122.27196995275	Martin Luther King Jr Way & Sycamore St, Oakland, California, 94612	geoloky
2020-02-29	FOF200229015716	7TH ST & MARKET ST	37.8025967	-122.2824617	7th Street & Market Street, 7th Street, Old Oakland Historic District, Oakland, Alameda County, California, 94607, United States of America	geoloky
2020-03-01	FOF200301015826	7TH ST & BRUSH ST	37.802290030663	-122.28131988192	7th St & Brush St, Oakland, California, 94607	geoloky
2020-03-01	FOF200301015955	7TH ST & BRUSH ST	37.802290030663	-122.28131988192	7th St & Brush St, Oakland, California, 94607	geoloky
2020-03-02	FOF200302016009	85TH AV & SAN LEANDRO ST	37.747000021742	-122.18907988732	85th Ave & San Leandro St, Oakland, California, 94621	geoloky
2020-03-02	FOF200302016039	29TH AV & SB I880	37.775110033236	-122.23337992198	29th Ave & I-880 N, Oakland, California, 94601	geoloky
2020-03-02	FOF200302016044	SB 23RD OFFRP AV & SB I880	37.777950031579	-122.23717994161	23rd Ave & I-880 N, Oakland, California, 94606	geoloky
2020-03-04	FOF200304016598	E 12TH ST & 19TH AV	37.7921407	-122.2514854	East 12th Street, San Antonio, Oakland, Alameda County, California, 94606-3636, United States of America	geoloky
2020-03-04	FOF200304016668	WB 12TH/14TH OFFRP ST & WB I980	37.805500048122	-122.27853993991	12th St & I-980 E, Oakland, California, 94607	geoloky
2020-03-04	FOF200304016722	23RD ST & MARTIN LUTHER KING JR WY	7.81357	-122.27253		manual, openstreetmap
2020-03-04	FOF200304016725	11TH ST & BRUSH ST	37.8052283	-122.2802435	11th Street & Brush Street, 11th Street, Old Oakland Historic District, Oakland, Alameda County, California, 94607, United States of America	geoloky
2020-03-05	FOF200305016857	GRAND AV & HARRISON ST	37.8108208	-122.2626986	Grand Avenue & Harrison Street, Grand Avenue, Financial District, Oakland, Alameda County, California, 94612, United States of America	geoloky
2020-03-05	FOF200305016858	GRAND AV & HARRISON ST	37.8108208	-122.2626986	Grand Avenue & Harrison Street, Grand Avenue, Financial District, Oakland, Alameda County, California, 94612, United States of America	geoloky
2020-03-05	FOF200305016877	6TH ST & WEBSTER ST	37.7972411	-122.2728657	Webster Street, Jack London Square, Oakland, Alameda County, California, 94607, United States of America	geoloky
2020-03-05	FOF200305016893	6TH ST & ALICE ST	37.792312744544	-122.2726534649	6, Alice Street, Jack London Square, Oakland, Alameda County, California, 94607, United States of America	geoloky
2020-03-05	FOF200305017089	136 E 12TH ST	37.800085499407	-122.26453584472	136, 12th Street, Civic Center, Oakland, Alameda County, California, 94607, United States of America	geoloky
2020-03-06	FOF200306017156	3250 LAKESHORE AV	37.810716381453	-122.24457370978	3250, Lakeshore Avenue, Lakeshore, Oakland, Alameda County, California, 94610, United States of America	geoloky
2020-03-06	FOF200306017235	550 SYCAMORE ST	37.815324295455	-122.26934613636	550, Sycamore Street, Northgate / Koreatown, Oakland, Alameda County, California, 94612, United States of America	geoloky
2020-03-07	FOF200307017614	E 17TH ST & 62ND AV	37.765020023922	-122.1956798817	E 17th St & 62nd Ave, Oakland, California, 94621	geoloky
2020-03-08	FOF200308017783	5TH ST & ADELINE ST	37.802580044513	-122.28862990732	5th St & Adeline St, Oakland, California, 94607	geoloky
2020-03-09	FOF200309017913	NB I880 & JACKSON ST	37.796210049557	-122.26885993139	I-880 N & Jackson St, Oakland, California, 94607	geoloky
2020-03-10	FOF200310018151	11TH ST & PINE ST	37.7993311	-122.2651016	11th Street, Civic Center, Oakland, Alameda County, California, 94612, United States of America	geoloky
2020-03-10	FOF200310018262	E 12TH ST & LAKE MERRITT BLVD	37.798270027991	-122.25820988522	E 12th St & Lake Merritt Blvd, Oakland, California, 94606	geoloky
2020-03-10	FOF200310018315	50TH AV & SAN LEANDRO ST	37.766360038783	-122.21212995342	50th Ave & San Leandro St, Oakland, California, 94601	geoloky
2020-03-11	FOF200311018549	132 E 12TH ST	37.800056796612	-122.26445941024	132, 12th Street, Civic Center, Oakland, Alameda County, California, 94607, United States of America	geoloky
2020-03-11	FOF200311018604	7TH ST & BRUSH ST	37.802290030663	-122.28131988192	7th St & Brush St, Oakland, California, 94607	geoloky
2020-03-12	FOF200312018749	2020 BRUSH ST	37.811393408163	-122.275613	2020, Brush Street, San Pablo Gateway, Oakland, Alameda County, California, 94612, United States of America	geoloky
2020-03-12	FOF200312018770	HIGH ST & NB I880	37.768380035538	-122.22012989326	High St & I-880 N, Oakland, California, 94601	geoloky
2020-03-12	FOF200312018839	66TH AV & NB I880	37.753960060772	-122.20796993105	66th Ave & I-880 N, Oakland, California, 94621	geoloky
2020-03-13	FOF200313018944	34TH ST & MARTIN LUTHER KING JR WY	37.823370056145	-122.27002987744	34th St & Martin Luther King Jr Way, Oakland, California, 94609	geoloky
2020-03-14	FOF200314019447	5TH ST & JACKSON ST	37.795790032389	-122.26908993082	5th St & Jackson St, Oakland, California, 94607	geoloky
2020-03-15	FOF200315019513	37TH ST & MARTIN LUTHER KING JR WY	37.826290059754	-122.26928992303	37th St & Martin Luther King Jr Way, Oakland, California, 94609	geoloky
2020-03-15	FOF200315019637	E 12TH ST & 19TH AV	37.7921407	-122.2514854	East 12th Street, San Antonio, Oakland, Alameda County, California, 94606-3636, United States of America	geoloky
2020-03-15	FOF200315019645	11TH ST & BRUSH ST	37.8052283	-122.2802435	11th Street & Brush Street, 11th Street, Old Oakland Historic District, Oakland, Alameda County, California, 94607, United States of America	geoloky
2020-03-16	FOF200316019883	790 54TH AV	37.763909496683	-122.21001669179	790, 54th Avenue, Melrose, Oakland, Alameda County, California, 94601, United States of America	geoloky
2020-03-16	FOF200316019968	24TH ST & UNION ST	37.81765003587	-122.28553991871	24th St & Union St, Oakland, California, 94607	geoloky
2020-03-17	FOF200317020019	6TH ST & BROADWAY	37.795227571429	-122.27704864286	6, Broadway, Jack London Square, Oakland, Alameda County, California, 94612, United States of America	geoloky
2020-03-17	FOF200317020048	E 8TH ST & FRUITVALE AV	37.772920051484	-122.22808993525	E 8th St & Fruitvale Ave, Oakland, California, 94601	geoloky
2020-03-18	FOF200318020276	6TH ST & ALICE ST	37.792312744544	-122.2726534649	6, Alice Street, Jack London Square, Oakland, Alameda County, California, 94607, United States of America	geoloky
2020-03-19	FOF200319020549	575 INDEPENDENT RD	37.754998022803	-122.20826479278	575, Independent Road, Melrose, Oakland, Alameda County, California, 94621, United States of America	geoloky
2020-03-19	FOF200319020653	E 12TH ST & 1ST AV	37.798270027991	-122.25820988522	E 12th St & 1st Ave, Oakland, California, 94606	geoloky
2020-03-20	FOF200320020696	COLISEUM WY & NB HIGH OFFRP ST	37.768510038857	-122.2199499338	Coliseum Way & High St, Oakland, California, 94601	geoloky
2020-03-20	FOF200320020803	NORTHGATE AV & SYCAMORE ST	37.81542003053	-122.27023992793	Northgate Ave & Sycamore St, Oakland, California, 94612	geoloky
2020-03-22	FOF200322021276	6TH ST & MADISON ST	37.7968069	-122.2670203	Madison Street, Civic Center, Oakland, Alameda County, California, 94607, United States of America	geoloky
2020-03-23	FOF200323021368	7TH ST & HARRISON ST	37.7980988	-122.2708439	7th Street & Harrison Street, 7th Street, Chinatown, Oakland, Alameda County, California, 94607, United States of America	geoloky
2020-03-23	FOF200323021459	47TH AV & SAN LEANDRO ST	37.768170026954	-122.21418988994	47th Ave & San Leandro St, Oakland, California, 94601	geoloky
2020-03-24	FOF200324021576	COLISEUM WY & HIGH ST	37.7669739	-122.2188396	Coliseum Way, Fruitvale, Oakland, Alameda County, California, 94601, United States of America	geoloky
2020-03-24	FOF200324021595	E 12TH ST & 29TH AV	37.778050027684	-122.2302798751	E 12th St & 29th Ave, Oakland, California, 94601	geoloky
2020-03-25	FOF200325021800	E 12TH ST & 22ND AV	37.783740040745	-122.23862992704	E 12th St & 22nd Ave, Oakland, California, 94606	geoloky
2020-03-25	FOF200325021841	E 12TH ST & 23RD AV	37.783610037427	-122.23870989039	E 12th St & 23rd Ave, Oakland, California, 94606	geoloky
2020-03-25	FOF200325021847	E 12TH ST & 19TH AV	37.7921407	-122.2514854	East 12th Street, San Antonio, Oakland, Alameda County, California, 94606-3636, United States of America	geoloky
2020-03-25	FOF200325022011	6TH ST & JACKSON ST	37.8040804	-122.2639498	Jackson Street, Lakeside, Oakland, Alameda County, California, 94612, United States of America	geoloky
2020-03-26	FOF200326022095	200 105TH AV	37.725639	-122.182343	200, 105th Avenue, Brookfield Village, Oakland, Alameda County, California, 94603, United States of America	geoloky
2020-03-26	FOF200326022200	34TH ST & SAN PABLO AV	37.825150037103	-122.27803987557	34th St & San Pablo Ave, Emeryville, California, 94608	geoloky
2020-03-27	FOF200327022395	7TH ST & BRUSH ST	37.802290030663	-122.28131988192	7th St & Brush St, Oakland, California, 94607	geoloky
2020-03-27	FOF200327022415	GRAND AV & HARRISON ST	37.8108208	-122.2626986	Grand Avenue & Harrison Street, Grand Avenue, Financial District, Oakland, Alameda County, California, 94612, United States of America	geoloky
2020-03-27	FOF200327022436	7200 SAN LEANDRO ST	37.7722695	-122.2205966	San Leandro Street, Fruitvale, Oakland, Alameda County, California, 94601, United States of America	geoloky
2020-03-27	FOF200327022459	E 12TH ST & 26TH AV	37.780330031077	-122.23362995416	E 12th St & 26th Ave, Oakland, California, 94601	geoloky
2020-03-28	FOF200328022608	37TH ST & MARTIN LUTHER KING JR WY	37.826290059754	-122.26928992303	37th St & Martin Luther King Jr Way, Oakland, California, 94609	geoloky
2020-03-28	FOF200328022677	1710 E 12TH ST	37.786822017892	-122.2436854322	1710, East 12th Street, San Antonio, Oakland, Alameda County, California, 94606, United States of America	geoloky
2020-03-28	FOF200328022701	5TH ST & BROADWAY	37.798160057421	-122.2750399086	5th St & Broadway, Oakland, California, 94607	geoloky
2020-03-29	FOF200329022863	34TH ST & TELEGRAPH AV	37.822470049291	-122.26624989056	34th St & Telegraph Ave, Oakland, California, 94609	geoloky
2020-03-30	FOF200330022939	W GRAND AV & MARTIN LUTHER KING JR WY	37.812480036082	-122.27277989605	W Grand Ave & Martin Luther King Jr Way, Oakland, California, 94612	geoloky
2020-03-30	FOF200330022968	24TH ST & MARTIN LUTHER KING JR WY	37.814250042576	-122.2723198972	24th St & Martin Luther King Jr Way, Oakland, California, 94612	geoloky
2020-03-31	FOF200331023325	8451 SAN LEANDRO ST	37.74706535	-122.19065205277	Pick-N-Pull, 8451, San Leandro Street, Melrose, Oakland, Alameda County, California, 94621, United States of America	geoloky
2020-04-01	FOF200401023402	E 12TH ST & 19TH AV	37.7921407	-122.2514854	East 12th Street, San Antonio, Oakland, Alameda County, California, 94606-3636, United States of America	geoloky
2020-04-02	FOF200402023834	E 12TH ST & 19TH AV	37.7921407	-122.2514854	East 12th Street, San Antonio, Oakland, Alameda County, California, 94606-3636, United States of America	geoloky
2020-04-03	FOF200403023979	E 12TH ST & 19TH AV	37.7921407	-122.2514854	East 12th Street, San Antonio, Oakland, Alameda County, California, 94606-3636, United States of America	geoloky
2020-04-03	FOF200403024051	HOLLIS ST & W MACARTHUR BLVD	37.82762005824	-122.28461992102	Hollis St & W MacArthur Blvd, Emeryville, California, 94608	geoloky
2020-04-04	FOF200404024210	37TH AV & E 9TH ST	37.77193002299	-122.22347988851	37th Ave & E 9th St, Oakland, California, 94601	geoloky
2020-04-08	FOF200408025053	44TH ST & MARTIN LUTHER KING JR WY	37.832890054133	-122.26763994539	44th St & Martin Luther King Jr Way, Oakland, California, 94609	geoloky
2020-04-09	FOF200409025212	25TH ST & NORTHGATE AV	37.814680034208	-122.27031989129	25th St & Northgate Ave, Oakland, California, 94612	geoloky
2020-04-09	FOF200409025249	11TH ST & BRUSH ST	37.8052283	-122.2802435	11th Street & Brush Street, 11th Street, Old Oakland Historic District, Oakland, Alameda County, California, 94607, United States of America	geoloky
2020-04-10	FOF200410025523	11TH ST & BRUSH ST	37.8052283	-122.2802435	11th Street & Brush Street, 11th Street, Old Oakland Historic District, Oakland, Alameda County, California, 94607, United States of America	geoloky
2020-04-11	FOF200411025695	E 12TH ST & 18TH AV	37.786290025239	-122.24283990555	E 12th St & 18th Ave, Oakland, California, 94606	geoloky
2020-04-12	FOF200412025818	1801 14TH ST	37.814171	-122.299712	1801, 14th Street, Lower Bottoms, Oakland, Alameda County, California, 94607, United States of America	geoloky
2020-04-13	FOF200413026103	34TH ST & WOOD ST	37.824570051313	-122.2906398877	34th St & Wood St, Emeryville, California, 94608	geoloky
2020-04-15	FOF200415026665	COOLIDGE AV & EB I580	37.796660032029	-122.21059992081	Coolidge Ave & I-580 W, Oakland, California, 94602	geoloky
2020-04-16	FOF200416026798	36TH ST & WEBSTER ST	37.823790031403	-122.26200990484	36th St & Webster St, Oakland, California, 94609	geoloky
2020-04-17	FOF200417026925	5TH ST & NB I880	37.803030026985	-122.28910993891	5th St & I-880 N, Oakland, California, 94607	geoloky
2020-04-19	FOF200419027450	1900 E 12TH ST	37.7856814	-122.24129715468	American Emperor, 1900, East 12th Street, San Antonio, Oakland, Alameda County, California, 94606-3636, United States of America	geoloky
2020-04-19	FOF200419027484	4701 SAN LEANDRO ST	37.767979	-122.214131	4701, San Leandro Street, Melrose, Oakland, Alameda County, California, 94601, United States of America	geoloky
2020-04-21	FOF200421027868	3600 MARTIN LUTHER KING JR WY	37.825593307118	-122.26940319613	3600 Martin Luther King Jr Way, Oakland, California, 94609	geoloky
2020-04-24	FOF200424028470	51ST ST & MARTIN LUTHER KING JR WY	37.836430025211	-122.26774991596	51st St & Martin Luther King Jr Way, Oakland, California, 94609	geoloky
2020-04-24	FOF200424028499	3400 TELEGRAPH AV	37.8227363	-122.26550250755	Walgreens, 3400, Telegraph Avenue, Mosswood, Oakland, Alameda County, California, 94609, United States of America	geoloky
2020-04-24	FOF200424028549	E 12TH ST & 1ST AV	37.798270027991	-122.25820988522	E 12th St & 1st Ave, Oakland, California, 94606	geoloky
2020-04-24	FOF200424028646	98TH AV & B ST	37.7427213	-122.1741936	98th Avenue & B Street, 98th Avenue, Arcadia Park, Oakland, Alameda County, California, 94621, United States of America	geoloky
2020-04-25	FOF200425028751	17TH ST & WOOD ST	37.815340025264	-122.2961799066	17th St & Wood St, Oakland, California, 94607	geoloky
2020-04-25	FOF200425028752	34TH ST & TELEGRAPH AV	37.822470049291	-122.26624989056	34th St & Telegraph Ave, Oakland, California, 94609	geoloky
2020-04-25	FOF200425028802	12TH ST & UNION ST	37.808580062263	-122.28884993228	12th St & Union St, Oakland, California, 94607	geoloky
2020-04-26	FOF200426028930	NORTHGATE AV & SYCAMORE ST	37.81542003053	-122.27023992793	Northgate Ave & Sycamore St, Oakland, California, 94612	geoloky
2020-04-26	FOF200426028939	1700 E 12TH ST	37.811996	-122.299007	1700, 12th Street, Lower Bottoms, Oakland, Alameda County, California, 94607, United States of America	geoloky
2020-04-27	FOF200427029114	E 12TH ST & LAKE MERRITT BLVD	37.798270027991	-122.25820988522	E 12th St & Lake Merritt Blvd, Oakland, California, 94606	geoloky
2020-04-27	FOF200427029124	21ST ST & BRUSH ST	37.811700058082	-122.27548993299	21st St & Brush St, Oakland, California, 94612	geoloky
2020-04-27	FOF200427029354	23RD ST & MARTIN LUTHER KING JR WY	37.813260055991	-122.27254989663	23rd St & Martin Luther King Jr Way, Oakland, California, 94612	geoloky
2020-04-28	FOF200428029545	E 12TH ST & LAKE MERRITT BLVD	37.798270027991	-122.25820988522	E 12th St & Lake Merritt Blvd, Oakland, California, 94606	geoloky
2020-05-01	FOF200501030044	HIGH ST & HOWARD ST	37.7662133	-122.2212913	Howard Street, Oakland, Alameda County, California, 94601, United States of America	geoloky
2020-05-02	FOF200502030403	12TH ST & BRUSH ST	37.805880041703	-122.27946991207	12th St & Brush St, Oakland, California, 94607	geoloky
2020-05-02	FOF200502030427	BROADWAY & SB I880	37.798600023519	-122.27474989475	Broadway & I-880 N, Oakland, California, 94607	geoloky
2020-05-02	FOF200502030452	NORTHGATE AV & SYCAMORE ST	37.81542003053	-122.27023992793	Northgate Ave & Sycamore St, Oakland, California, 94612	geoloky
2020-05-05	FOF200505031013	83RD AV & INTERNATIONAL BLVD	37.755160055941	-122.17853989554	83rd Ave & International Blvd, Oakland, California, 94621	geoloky
2020-05-06	FOF200506031328	311 105TH AV	37.726089334609	-122.18233942318	311, 105th Avenue, Brookfield Village, Oakland, Alameda County, California, 94603, United States of America	geoloky
2020-05-06	FOF200506031395	38TH ST & MANILA AV	37.826360048645	-122.25881992013	38th St & Manila Ave, Oakland, California, 94609	geoloky
2020-05-09	FOF200509032089	24TH ST & WOOD ST	37.82026003479	-122.29221987645	24th St & Wood St, Oakland, California, 94607	geoloky
2020-05-10	FOF200510032213	4705 COLISEUM WY	37.765286635975	-122.21700307703	4705, Coliseum Way, Melrose, Oakland, Alameda County, California, 94601, United States of America	geoloky
2020-05-10	FOF200510032278	31ST ST & TELEGRAPH AV	37.819980037315	-122.2669199399	31st St & Telegraph Ave, Oakland, California, 94609	geoloky
2020-05-11	FOF200511032470	35TH AV & DELAWARE ST	37.7928412	-122.2024936	35th Avenue & Delaware Street, 35th Avenue, Laurel, Oakland, Alameda County, California, 94619, United States of America	geoloky
2020-05-12	FOF200512032678	COLISEUM WY & HIGH ST	37.7669739	-122.2188396	Coliseum Way, Fruitvale, Oakland, Alameda County, California, 94601, United States of America	geoloky
2020-05-13	FOF200513033003	E 12TH ST & 17TH AV	37.786880027404	-122.24388990656	E 12th St & 17th Ave, Oakland, California, 94606	geoloky
2020-05-14	FOF200514033080	105TH AV & EDES AV	37.7334415	-122.1782639	105th Avenue & Edes Avenue, 105th Avenue, Brookfield Village, Oakland, Alameda County, California, 94621, United States of America	geoloky
2020-05-17	FOF200517033953	E 12TH ST & 22ND AV	37.783740040745	-122.23862992704	E 12th St & 22nd Ave, Oakland, California, 94606	geoloky
2020-05-18	FOF200518034231	WB I580 CONN & EB I80	37.830660048793	-122.29337993185	I-580 W & I-80 E, Emeryville, California, 94608	geoloky
2020-05-18	FOF200518034262	4458 MACARTHUR BLVD	37.785874357975	-122.19289876133	4458, MacArthur Boulevard, Laurel, Oakland, Alameda County, California, 94619, United States of America	geoloky
2020-05-18	FOF200518034291	3775 ALAMEDA AV	37.768059019121	-122.2248150418	3775, Alameda Avenue, Oakland, Alameda County, California, 94601, United States of America	geoloky
2020-05-18	FOF200518034292	HIGH ST & MACARTHUR BLVD	37.7871677	-122.1949885	High Street & MacArthur Boulevard, High Street, Laurel, Oakland, Alameda County, California, 94619, United States of America	geoloky
2020-05-18	FOF200518034297	3775 ALAMEDA AV	37.768059019121	-122.2248150418	3775, Alameda Avenue, Oakland, Alameda County, California, 94601, United States of America	geoloky
2020-05-20	FOF200520034615	6TH ST & MARKET ST	37.797627833333	-122.28467795833	6, Market Street, Port Of Oakland Chester P. Howard Terminal, Oakland, Alameda County, California, 94607, United States of America	geoloky
2020-05-20	FOF200520034616	HANOVER AV & LAKESHORE AV	37.802470032034	-122.25405992114	Hanover Ave & Lakeshore Ave, Oakland, California, 94606	geoloky
2020-05-21	FOF200521034868	7TH ST & BRUSH ST	37.802290030663	-122.28131988192	7th St & Brush St, Oakland, California, 94607	geoloky
2020-05-23	FOF200523035327	34TH ST & WOOD ST	37.824570051313	-122.2906398877	34th St & Wood St, Emeryville, California, 94608	geoloky
2020-05-24	FOF200524035648	34TH ST & ELM ST	37.82220002628	-122.2652199223	34th St & Elm St, Oakland, California, 94609	geoloky
2020-05-25	FOF200525035809	2ND AV & INTERNATIONAL BLVD	37.797930057998	-122.25627995201	2nd Ave & International Blvd, Oakland, California, 94606	geoloky
2020-05-25	FOF200525035930	3RD ST & FILBERT ST	37.800350039173	-122.28601995031	3rd St & Filbert St, Oakland, California, 94607	geoloky
2020-05-26	FOF200526036129	860 77TH AV	37.752079979873	-122.19303599585	860, 77th Avenue, Elmhurst, Oakland, Alameda County, California, 94621, United States of America	geoloky
2020-05-26	FOF200526036298	HANOVER AV & LAKESHORE AV	37.802470032034	-122.25405992114	Hanover Ave & Lakeshore Ave, Oakland, California, 94606	geoloky
2020-05-30	FOF200530036996	E 12TH ST & 16TH AV	37.7921407	-122.2514854	East 12th Street, San Antonio, Oakland, Alameda County, California, 94606-3636, United States of America	geoloky
2020-05-31	FOF200531037278	100 12TH ST	37.799827	-122.263848	100, 12th Street, Civic Center, Oakland, Alameda County, California, 94607, United States of America	geoloky
2020-06-01	FOF200601037638	LAKESIDE DR & OAK ST	37.8015095	-122.2626544	Lakeside Drive, Civic Center, Oakland, Alameda County, California, 94612, United States of America	geoloky
2020-06-03	FOF200603038062	9TH ST & FALLON ST	37.797160054463	-122.26383992576	9th St & Fallon St, Oakland, California, 94607	geoloky
2020-06-04	FOF200604038555	900 75TH AV	37.753553	-122.193133	900, 75th Avenue, Arcadia Park, Oakland, Alameda County, California, 94621, United States of America	geoloky
2020-06-06	FOF200606038838	RANDWICK AV & RICHMOND BLVD	37.82017005506	-122.25934990787	Randwick Ave & Richmond Blvd, Oakland, California, 94611	geoloky
2020-06-08	FOF200608039387	OAKPORT ST & ZHONE WY	37.752890027013	-122.21059992081	Oakport St & Zhone Way, Oakland, California, 94621	geoloky
2020-06-08	FOF200608039487	NB I880 CONN & WOOD ST	37.805380040223	-122.30322489622	I-880 N & Wood St, Oakland, California, 94607	geoloky
2020-06-09	FOF200609039546	1600 E 12TH ST	37.787486	-122.244808	1600, East 12th Street, San Antonio, Oakland, Alameda County, California, 94606, United States of America	geoloky
2020-06-09	FOF200609039686	2200 WILLOW ST	37.818374	-122.291889	2200, Willow Street, West Oakland, Oakland, Alameda County, California, 94607, United States of America	geoloky
2020-06-09	FOF200609039738	6TH ST & MARKET ST	37.797627833333	-122.28467795833	6, Market Street, Port Of Oakland Chester P. Howard Terminal, Oakland, Alameda County, California, 94607, United States of America	geoloky
2020-06-09	FOF200609039753	2000 E 12TH ST	37.785017	-122.240587	2000, East 12th Street, San Antonio, Oakland, Alameda County, California, 94606, United States of America	geoloky
2020-06-10	FOF200610039773	47TH AV & SAN LEANDRO ST	37.768170026954	-122.21418988994	47th Ave & San Leandro St, Oakland, California, 94601	geoloky
2020-06-10	FOF200610039794	23RD AV & E 7TH ST	37.775580048457	-122.23625994392	23rd Ave & E 7th St, Oakland, California, 94606	geoloky
2020-06-11	FOF200611040042	5TH ST & FRANKLIN ST	37.8016594	-122.2842685	5th Street, Old Oakland Historic District, Oakland, Alameda County, California, 94607, United States of America	geoloky
2020-06-12	FOF200612040384	320 23RD AV	37.772653446052	-122.2357534422	320, 23rd Avenue, Jingletown, Oakland, Alameda County, California, 94606, United States of America	geoloky
2020-06-13	FOF200613040485	30TH ST & TELEGRAPH AV	37.819030032409	-122.26716988826	30th St & Telegraph Ave, Oakland, California, 94609	geoloky
2020-06-14	FOF200614040718	34TH ST & WOOD ST	37.824570051313	-122.2906398877	34th St & Wood St, Emeryville, California, 94608	geoloky
2020-06-15	FOF200615040972	BROADWAY & WEBSTER ST	37.814310057002	-122.26492990845	Broadway & Webster St, Oakland, California, 94612	geoloky
2020-06-17	FOF200617041406	E 12TH ST & 22ND AV	37.783740040745	-122.23862992704	E 12th St & 22nd Ave, Oakland, California, 94606	geoloky
2020-06-18	FOF200618041660	E 12TH ST & 7TH AV	37.793590034262	-122.25312994898	E 12th St & 7th Ave, Oakland, California, 94606	geoloky
2020-06-18	FOF200618041673	E 8TH ST & FRUITVALE AV	37.772920051484	-122.22808993525	E 8th St & Fruitvale Ave, Oakland, California, 94601	geoloky
2020-06-18	FOF200618041678	35TH ST & SAN PABLO AV	37.826410046698	-122.27843994381	35th St & San Pablo Ave, Emeryville, California, 94608	geoloky
2020-06-20	FOF200620042316	7TH ST & LINDEN ST	37.803330057209	-122.28602992477	7th St & Linden St, Oakland, California, 94607	geoloky
2020-06-21	FOF200621042390	E 12TH ST & 17TH AV	37.7936	-122.25315		manual, openstreetmap
2020-06-21	FOF200621042419	95TH AV & INTERNATIONAL BLVD	37.74576	-122.17157		manual, openstreetmap
2020-06-21	FOF200621042460	GRAND AV & HARRISON ST	37.8108208	-122.2626986	Grand Avenue & Harrison Street, Grand Avenue, Financial District, Oakland, Alameda County, California, 94612, United States of America	geoloky
2020-06-22	FOF200622042734	BROADWAY & WEBSTER ST	37.814310057002	-122.26492990845	Broadway & Webster St, Oakland, California, 94612	geoloky
2020-06-23	FOF200623043020	3094 E 10TH ST	37.7959397	-122.259166	East 10th Street, Civic Center, Oakland, Alameda County, California, 94606-3636, United States of America	geoloky
2020-06-24	FOF200624043222	36TH ST & MARTIN LUTHER KING JR WY	37.825080048211	-122.26958991134	36th St & Martin Luther King Jr Way, Oakland, California, 94609	geoloky
2020-06-24	FOF200624043300	W GRAND AV & WOOD ST	37.818710053255	-122.29348990242	W Grand Ave & Wood St, Oakland, California, 94607	geoloky
2020-06-25	FOF200625043467	35TH ST & MARTIN LUTHER KING JR WY	37.82414005968	-122.26982988523	35th St & Martin Luther King Jr Way, Oakland, California, 94609	geoloky
2020-06-26	FOF200626043592	LAKE PARK AV & LAKESHORE AV	37.809980049641	-122.24612988636	Lake Park Ave & Lakeshore Ave, Oakland, California, 94610	geoloky
2020-06-26	FOF200626043669	14TH ST & FILBERT ST	37.808968	-122.282787	14th Street & Filbert Street, 14th Street, West Oakland, Oakland, Alameda County, California, 94607, United States of America	geoloky
2020-06-26	FOF200626043760	35TH AV & EB I580	37.792220054098	-122.20323993927	35th Ave & I-580 W, Oakland, California, 94619	geoloky
2020-06-27	FOF200627043856	3400 TELEGRAPH AV	37.8227363	-122.26550250755	Walgreens, 3400, Telegraph Avenue, Mosswood, Oakland, Alameda County, California, 94609, United States of America	geoloky
2020-06-27	FOF200627043917	8255 SAN LEANDRO ST	37.74874895	-122.1919061	A Eastbay Truck Wash, 8255, San Leandro Street, Arcadia Park, Oakland, Alameda County, California, 94621, United States of America	geoloky
2020-06-27	FOF200627044022	38TH ST & MANILA AV	37.826360048645	-122.25881992013	38th St & Manila Ave, Oakland, California, 94609	geoloky
2020-06-28	FOF200628044239	20TH ST & WOOD ST	37.805626760817	-122.30286976224	20, Wood Street, 7th Street Historic District, Oakland, Alameda County, California, 94607, United States of America	geoloky
2020-06-28	FOF200628044277	7TH ST & CASTRO ST	37.801740052086	-122.27994994367	7th St & Castro St, Oakland, California, 94607	geoloky
2020-06-29	FOF200629044467	23RD AV & SB I880	37.777950031579	-122.23717994161	23rd Ave & I-880 N, Oakland, California, 94606	geoloky
2020-06-29	FOF200629044567	E 12TH ST & 16TH AV	37.7921407	-122.2514854	East 12th Street, San Antonio, Oakland, Alameda County, California, 94606-3636, United States of America	geoloky
2020-06-30	FOF200630044586	BRUSH ST & W GRAND AV	37.81290005325	-122.27472994582	Brush St & W Grand Ave, Oakland, California, 94612	geoloky
2020-06-30	FOF200630044623	34TH ST & BEACH ST	37.772035027282	-122.22619491267	34th Ave, Oakland, California, 94601	geoloky
2020-07-01	FOF200701044830	E 10TH ST & 2ND AV	37.795930052081	-122.25913994119	E 10th St & 2nd Ave, Oakland, California, 94606	geoloky
2020-07-03	FOF200703045407	3600 ALAMEDA AV	37.768084850979	-122.22638458551	3600, Alameda Avenue, Oakland, Alameda County, California, 94601, United States of America	geoloky
2020-07-03	FOF200703045450	E 12TH ST & 19TH AV	37.7921407	-122.2514854	East 12th Street, San Antonio, Oakland, Alameda County, California, 94606-3636, United States of America	geoloky
2020-07-04	FOF200704045585	18TH ST & WOOD ST	37.816020049069	-122.29560993719	18th St & Wood St, Oakland, California, 94607	geoloky
2020-07-04	FOF200704045599	20TH ST & CAMPBELL ST	37.8191671	-122.2895237	Campbell Street, West Oakland, Oakland, Alameda County, California, 94626, United States of America	geoloky
2020-07-04	FOF200704045621	3600 E 9TH ST	37.7743206	-122.230639	East 9th Street, Jingletown, Oakland, Alameda County, California, 94601, United States of America	geoloky
2020-07-05	FOF200705045955	E 12TH ST & 9TH AV	37.792130032457	-122.2514899458	E 12th St & 9th Ave, Oakland, California, 94606	geoloky
2020-07-05	FOF200705046037	GRAND AV & MACARTHUR BLVD	37.8102879	-122.2489225	Grand Avenue & MacArthur Boulevard, MacArthur Boulevard, Grand Lake, Oakland, Alameda County, California, 94610, United States of America	geoloky
2020-07-05	FOF200705046083	2301 EMBARCADERO	37.779186	-122.242721	2301, Embarcadero, Jingletown, Oakland, Alameda County, California, 94606, United States of America	geoloky
2020-07-05	FOF200705046182	34TH ST & WOOD ST	37.824570051313	-122.2906398877	34th St & Wood St, Emeryville, California, 94608	geoloky
2020-07-06	FOF200706046216	6TH ST & WEBSTER ST	37.7972411	-122.2728657	Webster Street, Jack London Square, Oakland, Alameda County, California, 94607, United States of America	geoloky
2020-07-06	FOF200706046219	29TH ST & MARTIN LUTHER KING JR WY	37.818730044094	-122.27118993284	29th St & Martin Luther King Jr Way, Oakland, California, 94609	geoloky
2020-07-06	FOF200706046458	900 40TH AV	37.7791707	-122.2133331	40th Avenue, Fruitvale, Oakland, Alameda County, California, 94601, United States of America	geoloky
2020-07-07	FOF200707046499	E 12TH ST & LAKE MERRITT BLVD	37.798270027991	-122.25820988522	E 12th St & Lake Merritt Blvd, Oakland, California, 94606	geoloky
2020-07-08	FOF200708046727	23RD ST & NORTHGATE AV	37.813000049355	-122.27106990398	23rd St & Northgate Ave, Oakland, California, 94612	geoloky
2020-07-08	FOF200708046865	E 12TH ST & 14TH AV	37.7921407	-122.2514854	East 12th Street, San Antonio, Oakland, Alameda County, California, 94606-3636, United States of America	geoloky
2020-07-08	FOF200708046874	E 12TH ST & 14TH AV	37.7921407	-122.2514854	East 12th Street, San Antonio, Oakland, Alameda County, California, 94606-3636, United States of America	geoloky
2020-07-08	FOF200708046954	34TH ST & TELEGRAPH AV	37.822470049291	-122.26624989056	34th St & Telegraph Ave, Oakland, California, 94609	geoloky
2020-07-09	FOF200709047070	7TH ST & BRUSH ST	37.802290030663	-122.28131988192	7th St & Brush St, Oakland, California, 94607	geoloky
2020-07-09	FOF200709047192	E 12TH ST & 26TH AV	37.780330031077	-122.23362995416	E 12th St & 26th Ave, Oakland, California, 94601	geoloky
2020-07-09	FOF200709047197	38TH ST & MANILA AV	37.826360048645	-122.25881992013	38th St & Manila Ave, Oakland, California, 94609	geoloky
2020-07-10	FOF200710047243	89TH AV & INTERNATIONAL BLVD	37.81536	-122.27015		manual, openstreetmap
2020-07-10	FOF200710047267	NORTHGATE AV & SYCAMORE ST	37.81542003053	-122.27023992793	Northgate Ave & Sycamore St, Oakland, California, 94612	geoloky
2020-07-10	FOF200710047298	29TH ST & TELEGRAPH AV	37.818220047196	-122.26739988768	29th St & Telegraph Ave, Oakland, California, 94609	geoloky
2020-07-10	FOF200710047389	NORTHGATE AV & SYCAMORE ST	37.81542003053	-122.27023992793	Northgate Ave & Sycamore St, Oakland, California, 94612	geoloky
2020-07-11	FOF200711047495	24TH ST & UNION ST	37.81765003587	-122.28553991871	24th St & Union St, Oakland, California, 94607	geoloky
2020-07-11	FOF200711047496	E 12TH ST & 19TH AV	37.7921407	-122.2514854	East 12th Street, San Antonio, Oakland, Alameda County, California, 94606-3636, United States of America	geoloky
2020-07-12	FOF200712047803	37TH ST & W MACARTHUR BLVD	37.826740042226	-122.26676990384	37th St & W MacArthur Blvd, Oakland, California, 94609	geoloky
2020-07-12	FOF200712047898	7200 SAN LEANDRO ST	37.7722695	-122.2205966	San Leandro Street, Fruitvale, Oakland, Alameda County, California, 94601, United States of America	geoloky
2020-07-14	FOF200714048162	24TH ST & WOOD ST	37.82026003479	-122.29221987645	24th St & Wood St, Oakland, California, 94607	geoloky
2020-07-14	FOF200714048284	12TH AV & INTERNATIONAL BLVD	37.790600041761	-122.24801992171	12th Ave & International Blvd, Oakland, California, 94606	geoloky
2020-07-16	FOF200716048626	29TH ST & TELEGRAPH AV	37.818220047196	-122.26739988768	29th St & Telegraph Ave, Oakland, California, 94609	geoloky
2020-07-16	FOF200716048743	30TH ST & MARTIN LUTHER KING JR WY	37.819650041787	-122.27095993341	30th St & Martin Luther King Jr Way, Oakland, California, 94609	geoloky
2020-07-17	FOF200717048788	1900 E 12TH ST	37.7856814	-122.24129715468	American Emperor, 1900, East 12th Street, San Antonio, Oakland, Alameda County, California, 94606-3636, United States of America	geoloky
2020-07-19	FOF200719049288	2020 WAKE AV	37.8232014	-122.3001058	Wake Avenue, Oakland Trade & Logistics Center, Oakland, Alameda County, California, 94626, United States of America	geoloky
2020-07-19	FOF200719049304	E 12TH ST & 16TH AV	37.7921407	-122.2514854	East 12th Street, San Antonio, Oakland, Alameda County, California, 94606-3636, United States of America	geoloky
2020-07-20	FOF200720049537	3775 ALAMEDA AV	37.768059019121	-122.2248150418	3775, Alameda Avenue, Oakland, Alameda County, California, 94601, United States of America	geoloky
2020-07-20	FOF200720049687	6TH ST & BRUSH ST	37.8129958	-122.2746758	Brush Street, San Pablo Gateway, Oakland, Alameda County, California, 94612-2202, United States of America	geoloky
2020-07-22	FOF200722049935	73RD AV & KRAUSE AV	37.7650653	-122.1784068	73rd Avenue & Krause Avenue, 73rd Avenue, Eastmont, Oakland, Alameda County, California, 94621, United States of America	geoloky
2020-07-22	FOF200722049970	DENNISON ST & EMBARCADERO	37.779330028118	-122.24256992445	Dennison St & Embarcadero, Oakland, California, 94606	geoloky
2020-07-22	FOF200722050154	12TH ST & FALLON ST	37.7994386	-122.2628791	12th Street & Fallon Street, 12th Street, Civic Center, Oakland, Alameda County, California, 94606-3636, United States of America	geoloky
2020-07-22	FOF200722050200	MACARTHUR BLVD & OAKLAND AV	37.81876	-122.25402		manual, openstreetmap
2020-07-23	FOF200723050417	10TH ST & CASTRO ST	37.8065705	-122.2771979	Castro Street, San Pablo Gateway, Oakland, Alameda County, California, 94607, United States of America	geoloky
2020-07-24	FOF200724050481	5TH ST & KIRKHAM ST	37.803520033045	-122.292749948	5th St & Kirkham St, Oakland, California, 94607	geoloky
2020-07-24	FOF200724050582	6TH ST & WEBSTER ST	37.7972411	-122.2728657	Webster Street, Jack London Square, Oakland, Alameda County, California, 94607, United States of America	geoloky
2020-07-25	FOF200725050759	25TH ST & MARTIN LUTHER KING JR WY	37.814990038897	-122.27212987946	25th St & Martin Luther King Jr Way, Oakland, California, 94612	geoloky
2020-07-26	FOF200726051049	1078 60TH ST	37.843299122513	-122.28261358115	1078, 60th Street, Golden Gate, Oakland, Alameda County, California, 94608, United States of America	geoloky
2020-07-26	FOF200726051064	107TH AV & PEARMAIN ST	37.733330059672	-122.17519987476	107th Ave & Pearmain St, Oakland, California, 94603	geoloky
2020-07-27	FOF200727051416	105TH AV & EDES AV	37.7334415	-122.1782639	105th Avenue & Edes Avenue, 105th Avenue, Brookfield Village, Oakland, Alameda County, California, 94621, United States of America	geoloky
2020-07-28	FOF200728051490	800 47TH AV	37.767174	-122.215438	800, 47th Avenue, Melrose, Oakland, Alameda County, California, 94601, United States of America	geoloky
2020-07-28	FOF200728051525	EB 51ST OFFRP ST & EB MLK JR OFFRP WY	37.836430025211	-122.26774991596	51st St & MLK Jr Way, Oakland, California, 94609	geoloky
2020-07-28	FOF200728051627	HARRISON ST & MACARTHUR BLVD	37.819850033997	-122.25412991003	Harrison St & MacArthur Blvd, Oakland, California, 94611	geoloky
2020-07-28	FOF200728051655	66 MACARTHUR BLVD	37.821005704082	-122.25471955102	66, MacArthur Boulevard, Harrison/Oakland, Oakland, Alameda County, California, 94610, United States of America	geoloky
2020-07-29	FOF200729051956	36TH ST & TELEGRAPH AV	37.824600058526	-122.26566994668	36th St & Telegraph Ave, Oakland, California, 94609	geoloky
2020-07-30	FOF200730052036	42ND AV & INTERNATIONAL BLVD	37.772960033162	-122.21613993971	42nd Ave & International Blvd, Oakland, California, 94601	geoloky
2020-07-30	FOF200730052083	3439 ANDOVER ST	37.822211836735	-122.26426179592	3439, Andover Street, Pill Hill, Oakland, Alameda County, California, 94609, United States of America	geoloky
2020-07-30	FOF200730052167	34TH ST & ANDOVER ST	37.821980043232	-122.26417989575	34th St & Andover St, Oakland, California, 94609	geoloky
2020-07-31	FOF200731052271	19TH ST & BRUSH ST	37.8129958	-122.2746758	Brush Street, San Pablo Gateway, Oakland, Alameda County, California, 94612-2202, United States of America	geoloky
2020-07-31	FOF200731052410	1538 E 12TH ST	37.7921407	-122.2514854	East 12th Street, San Antonio, Oakland, Alameda County, California, 94606-3636, United States of America	geoloky
2020-08-02	FOF200802052793	CLAREMONT AV & HUDSON ST	37.843147	-122.2571661	Claremont Avenue & Hudson Street, Claremont Avenue, Temescal, Oakland, Alameda County, California, 94609, United States of America	geoloky
2020-08-02	FOF200802052801	7TH ST & KIRKHAM ST	37.804720028213	-122.29232993084	7th St & Kirkham St, Oakland, California, 94607	geoloky
2020-08-03	FOF200803053136	766 MOORPARK AV	37.731758997651	-122.17396899228	766 Moorpark St, Oakland, California, 94603	geoloky
2020-08-04	FOF200804053272	34TH ST & WOOD ST	37.824570051313	-122.2906398877	34th St & Wood St, Emeryville, California, 94608	geoloky
2020-08-04	FOF200804053311	36TH ST & MARTIN LUTHER KING JR WY	37.825080048211	-122.26958991134	36th St & Martin Luther King Jr Way, Oakland, California, 94609	geoloky
2020-08-05	FOF200805053401	NORTHGATE AV & SYCAMORE ST	37.81542003053	-122.27023992793	Northgate Ave & Sycamore St, Oakland, California, 94612	geoloky
2020-08-06	FOF200806053829	1201 41ST AV	37.772501	-122.218058	1201, 41st Avenue, Fruitvale, Oakland, Alameda County, California, 94601, United States of America	geoloky
2020-08-07	FOF200807053879	11TH AV & E 8TH ST	37.793708243918	-122.26132355657	11, East 8th Street, Civic Center, Oakland, Alameda County, California, 94606, United States of America	geoloky
2020-08-07	FOF200807053975	E 12TH ST & 16TH AV	37.7921407	-122.2514854	East 12th Street, San Antonio, Oakland, Alameda County, California, 94606-3636, United States of America	geoloky
2020-08-07	FOF200807053985	25TH ST & NORTHGATE AV	37.814680034208	-122.27031989129	25th St & Northgate Ave, Oakland, California, 94612	geoloky
2020-08-08	FOF200808054372	20TH ST & WOOD ST	37.805626760817	-122.30286976224	20, Wood Street, 7th Street Historic District, Oakland, Alameda County, California, 94607, United States of America	geoloky
2020-08-10	FOF200810054735	27TH ST & NORTHGATE AV	37.816470031541	-122.26983994351	27th St & Northgate Ave, Oakland, California, 94612	geoloky
2020-08-10	FOF200810054792	75TH AV & SAN LEANDRO ST	37.752150030691	-122.19535994446	75th Ave & San Leandro St, Oakland, California, 94621	geoloky
2020-08-10	FOF200810054846	34TH ST & WEST ST	37.823990023613	-122.27253992216	34th St & West St, Oakland, California, 94609	geoloky
2020-08-10	FOF200810054848	E 12TH ST & 17TH AV	37.786880027404	-122.24388990656	E 12th St & 17th Ave, Oakland, California, 94606	geoloky
2020-08-12	FOF200812055297	10 10TH ST	37.797843017857	-122.26379776786	10, 10th Street, Civic Center, Oakland, Alameda County, California, 94607, United States of America	geoloky
2020-08-14	FOF200814055648	3601 TELEGRAPH AV	37.8372721	-122.2623213	Telegraph Avenue, Temescal, Oakland, Alameda County, California, 94609, United States of America	geoloky
2020-08-14	FOF200814055814	26TH ST & WOOD ST	37.821660022168	-122.29113995204	26th St & Wood St, Oakland, California, 94607	geoloky
2020-08-15	FOF200815055996	27TH ST & SAN PABLO AV	37.81774005751	-122.27562991077	27th St & San Pablo Ave, Oakland, California, 94612	geoloky
2020-08-15	FOF200815056081	NORTHGATE AV & SYCAMORE ST	37.81542003053	-122.27023992793	Northgate Ave & Sycamore St, Oakland, California, 94612	geoloky
2020-08-15	FOF200815056204	E 12TH ST & 13TH AV	37.789190038009	-122.24811991781	E 12th St & 13th Ave, Oakland, California, 94606	geoloky
2020-08-17	FOF200817056651	EB I580 & WEBSTER ST	37.823010053403	-122.26202993759	I-580 W & Webster St, Oakland, California, 94609	geoloky
2020-08-17	FOF200817056655	750 HIGH ST	37.76879145	-122.21912465056	Economy Lumber Company, 750, High Street, Fruitvale, Oakland, Alameda County, California, 94601, United States of America	geoloky
2020-08-17	FOF200817056725	3775 ALAMEDA AV	37.768059019121	-122.2248150418	3775, Alameda Avenue, Oakland, Alameda County, California, 94601, United States of America	geoloky
2020-08-18	FOF200818056786	LESSER ST & OAKPORT ST	37.764790024499	-122.21808990567	Lesser St & Oakport St, Oakland, California, 94601	geoloky
2020-08-18	FOF200818056838	81ST AV & SAN LEANDRO ST	37.749760056729	-122.19235989367	81st Ave & San Leandro St, Oakland, California, 94621	geoloky
2020-08-20	FOF200820057595	ALAMEDA AV & FRUITVALE AV	37.7680722	-122.2210434	Alameda Avenue, Fruitvale, Oakland, Alameda County, California, 94601, United States of America	geoloky
2020-08-21	FOF200821057789	18TH ST & WOOD ST	37.816020049069	-122.29560993719	18th St & Wood St, Oakland, California, 94607	geoloky
2020-08-22	FOF200822057959	E 12TH ST & HIGH ST	37.7921407	-122.2514854	East 12th Street, San Antonio, Oakland, Alameda County, California, 94606-3636, United States of America	geoloky
2020-08-22	FOF200822058003	36TH ST & MARTIN LUTHER KING JR WY	37.825080048211	-122.26958991134	36th St & Martin Luther King Jr Way, Oakland, California, 94609	geoloky
2020-08-23	FOF200823058203	54TH ST & SHATTUCK AV	37.839500022977	-122.26439992071	54th St & Shattuck Ave, Oakland, California, 94609	geoloky
2020-08-23	FOF200823058209	E 12TH ST & 31ST AV	37.776780043625	-122.22729994088	E 12th St & 31st Ave, Oakland, California, 94601	geoloky
2020-08-23	FOF200823058307	E 12TH ST & 20TH AV	37.7921407	-122.2514854	East 12th Street, San Antonio, Oakland, Alameda County, California, 94606-3636, United States of America	geoloky
2020-08-23	FOF200823058340	E 12TH ST & 20TH AV	37.7921407	-122.2514854	East 12th Street, San Antonio, Oakland, Alameda County, California, 94606-3636, United States of America	geoloky
2020-08-24	FOF200824058480	8TH ST & VIRGINIA ST	37.87276004342	-122.29689991209	8th St & Virginia St, Berkeley, California, 94710	geoloky
2020-08-26	FOF200826058991	10058 EMPIRE RD	37.727937071875	-122.18607710781	10058, Empire Road, Brookfield Village, Oakland, Alameda County, California, 94603, United States of America	geoloky
2020-08-26	FOF200826058998	400 LANCASTER ST	37.771437	-122.230091	400, Lancaster Street, Fruitvale, Oakland, Alameda County, California, 94601, United States of America	geoloky
2020-08-28	FOF200828059450	11TH AV & E 12TH ST	37.7921407	-122.2514854	East 12th Street, San Antonio, Oakland, Alameda County, California, 94606-3636, United States of America	geoloky
2020-08-28	FOF200828059471	250 VICTORY CT	37.7917467	-122.26371620724	Oakland Fire Department Training Division, 250, Victory Court, Chinatown, Oakland, Alameda County, California, 94606-3636, United States of America	geoloky
2020-08-28	FOF200828059477	34TH ST & TELEGRAPH AV	37.82244	-122.26627		manual, openstreetmap
2020-08-28	FOF200828059582	550 E 12TH ST	37.811960777778	-122.29914617778	550, 12th Street, Lower Bottoms, Oakland, Alameda County, California, 94607, United States of America	geoloky
2020-08-29	FOF200829059767	34TH ST & ANDOVER ST	37.821980043232	-122.26417989575	34th St & Andover St, Oakland, California, 94609	geoloky
2020-08-30	FOF200830060014	E 12TH ST & 19TH AV	37.7921407	-122.2514854	East 12th Street, San Antonio, Oakland, Alameda County, California, 94606-3636, United States of America	geoloky
2020-08-31	FOF200831060374	GRAND AV & HARRISON ST	37.8108208	-122.2626986	Grand Avenue & Harrison Street, Grand Avenue, Financial District, Oakland, Alameda County, California, 94612, United States of America	geoloky
2020-08-31	FOF200831060432	E 12TH ST & 20TH AV	37.7921407	-122.2514854	East 12th Street, San Antonio, Oakland, Alameda County, California, 94606-3636, United States of America	geoloky
2020-09-01	FOF200901060556	75TH AV & SAN LEANDRO ST	37.752150030691	-122.19535994446	75th Ave & San Leandro St, Oakland, California, 94621	geoloky
2020-09-02	FOF200902060920	34TH ST & TELEGRAPH AV	37.82244	-122.26627		manual, openstreetmap
2020-09-05	FOF200905061693	34TH ST & BROADWAY	37.8220255	-122.261826	34th Street, Oak Glen Park, Oakland, Alameda County, California, 94609, United States of America	geoloky
2020-09-07	FOF200907062277	34TH ST & ANDOVER ST	37.821980043232	-122.26417989575	34th St & Andover St, Oakland, California, 94609	geoloky
2020-09-08	FOF200908062553	34TH ST & ELM ST	37.82220002628	-122.2652199223	34th St & Elm St, Oakland, California, 94609	geoloky
2020-09-08	FOF200908062601	7TH ST & BRUSH ST	37.802290030663	-122.28131988192	7th St & Brush St, Oakland, California, 94607	geoloky
2020-09-09	FOF200909062751	7TH ST & BRUSH ST	37.802290030663	-122.28131988192	7th St & Brush St, Oakland, California, 94607	geoloky
2020-09-09	FOF200909062786	430 HALE AV	37.73292590385	-122.18073453504	430, Hale Avenue, Brookfield Village, Oakland, Alameda County, California, 94603, United States of America	geoloky
2020-09-09	FOF200909062792	400 105TH AV	37.729478	-122.180412	400, 105th Avenue, Brookfield Village, Oakland, Alameda County, California, 94603, United States of America	geoloky
2020-09-10	FOF200910062884	14TH ST & MANDELA PKWY	37.8105938	-122.2910108	14th Street & Mandela Parkway, 14th Street, West Oakland, Oakland, Alameda County, California, 94626, United States of America	geoloky
2020-09-10	FOF200910063045	34TH ST & PERALTA ST	37.825940031477	-122.28225991236	34th St & Peralta St, Emeryville, California, 94608	geoloky
2020-09-11	FOF200911063095	24TH ST & MARTIN LUTHER KING JR WY	37.814250042576	-122.2723198972	24th St & Martin Luther King Jr Way, Oakland, California, 94612	geoloky
2020-09-13	FOF200913063565	HEGENBERGER RD & SAN LEANDRO ST	37.752530024272	-122.19579991055	Hegenberger Rd & San Leandro St, Oakland, California, 94621	geoloky
2020-09-13	FOF200913063574	800 77TH AV	37.753677	-122.190243	800, 77th Avenue, Elmhurst, Oakland, Alameda County, California, 94621, United States of America	geoloky
2020-09-13	FOF200913063585	E 12TH ST & 20TH AV	37.7921407	-122.2514854	East 12th Street, San Antonio, Oakland, Alameda County, California, 94606-3636, United States of America	geoloky
2020-09-14	FOF200914063806	EB I580 & WEBSTER ST	37.823010053403	-122.26202993759	I-580 W & Webster St, Oakland, California, 94609	geoloky
2020-09-14	FOF200914063808	WB I580 & EB I980 CONN	37.824400024407	-122.26839993255	I-580 W & I-980 W, Oakland, California, 94609	geoloky
2020-09-14	FOF200914063989	E 12TH ST & 19TH AV	37.7921407	-122.2514854	East 12th Street, San Antonio, Oakland, Alameda County, California, 94606-3636, United States of America	geoloky
2020-09-15	FOF200915064076	FOOTHILL BLVD & LAKESHORE AV	37.800020043645	-122.25509994768	Foothill Blvd & Lakeshore Ave, Oakland, California, 94606	geoloky
2020-09-16	FOF200916064350	34TH ST & TELEGRAPH AV	37.822470049291	-122.26624989056	34th St & Telegraph Ave, Oakland, California, 94609	geoloky
2020-09-16	FOF200916064464	1330 LAKESHORE AV	37.799840492545	-122.25633397018	1330, Lakeshore Avenue, Civic Center, Oakland, Alameda County, California, 94606, United States of America	geoloky
2020-09-16	FOF200916064496	DENNISON ST & EMBARCADERO	37.779330028118	-122.24256992445	Dennison St & Embarcadero, Oakland, California, 94606	geoloky
2020-09-17	FOF200917064650	34TH ST & ANDOVER ST	37.821980043232	-122.26417989575	34th St & Andover St, Oakland, California, 94609	geoloky
2020-09-18	FOF200918064858	W GRAND AV & WOOD ST	37.818710053255	-122.29348990242	W Grand Ave & Wood St, Oakland, California, 94607	geoloky
2020-09-19	FOF200919065163	18TH ST & WOOD ST	37.816020049069	-122.29560993719	18th St & Wood St, Oakland, California, 94607	geoloky
2020-09-21	FOF200921065609	5TH AV & EMBARCADERO	37.790170050128	-122.26002993167	5th Ave & Embarcadero, Oakland, California, 94606	geoloky
2020-09-21	FOF200921065657	50TH AV & SAN LEANDRO ST	37.766360038783	-122.21212995342	50th Ave & San Leandro St, Oakland, California, 94601	geoloky
2020-09-22	FOF200922065938	545 32ND ST	37.820958346939	-122.26753481633	545, 32nd Street, Pill Hill, Oakland, Alameda County, California, 94609, United States of America	geoloky
2020-09-22	FOF200922065940	51ST ST & MARTIN LUTHER KING JR WY	37.836430025211	-122.26774991596	51st St & Martin Luther King Jr Way, Oakland, California, 94609	geoloky
2020-09-23	FOF200923066178	36TH ST & TELEGRAPH AV	37.824600058526	-122.26566994668	36th St & Telegraph Ave, Oakland, California, 94609	geoloky
2020-09-24	FOF200924066361	6TH ST & WEBSTER ST	37.7972411	-122.2728657	Webster Street, Jack London Square, Oakland, Alameda County, California, 94607, United States of America	geoloky
2020-09-24	FOF200924066540	26TH ST & WILLOW ST	37.821000031112	-122.28984989332	26th St & Willow St, Oakland, California, 94607	geoloky
2020-09-24	FOF200924066565	E 12TH ST & 16TH AV	37.7921407	-122.2514854	East 12th Street, San Antonio, Oakland, Alameda County, California, 94606-3636, United States of America	geoloky
2020-09-25	FOF200925066627	25TH ST & NORTHGATE AV	37.81463	-122.2703		manual, openstreetmap
2020-09-26	FOF200926067052	NORTHGATE AV & SYCAMORE ST	37.81542003053	-122.27023992793	Northgate Ave & Sycamore St, Oakland, California, 94612	geoloky
2020-09-27	FOF200927067117	66TH AV & SAN LEANDRO ST	37.756810033581	-122.20077993451	66th Ave & San Leandro St, Oakland, California, 94621	geoloky
2020-09-27	FOF200927067225	E 12TH ST & LAKE MERRITT BLVD	37.798270027991	-122.25820988522	E 12th St & Lake Merritt Blvd, Oakland, California, 94606	geoloky
2020-09-28	FOF200928067436	77TH AV & SAN LEANDRO ST	37.751200025785	-122.1941199257	77th Ave & San Leandro St, Oakland, California, 94621	geoloky
2020-09-28	FOF200928067581	3407 E 8TH ST	37.772185633592	-122.22590577569	3407, East 8th Street, Fruitvale, Oakland, Alameda County, California, 94601, United States of America	geoloky
2020-09-28	FOF200928067649	5TH ST & MARKET ST	37.8011607	-122.2829743	5th Street & Market Street, 5th Street, Jack London Square, Oakland, Alameda County, California, 94607, United States of America	geoloky
2020-09-29	FOF200929067761	E 12TH ST & 16TH AV	37.7921407	-122.2514854	East 12th Street, San Antonio, Oakland, Alameda County, California, 94606-3636, United States of America	geoloky
2020-09-29	FOF200929067816	655 INTERNATIONAL BLVD	37.7688033	-122.2073943	International Boulevard, Melrose, Oakland, Alameda County, California, 94601, United States of America	geoloky
2020-09-29	FOF200929067819	4TH ST & BRUSH ST	37.800240026694	-122.28263994785	4th St & Brush St, Oakland, California, 94607	geoloky
2020-09-29	FOF200929067892	34TH ST & ELM ST	37.82220002628	-122.2652199223	34th St & Elm St, Oakland, California, 94609	geoloky
2020-09-30	FOF200930067973	8451 SAN LEANDRO ST	37.74706535	-122.19065205277	Pick-N-Pull, 8451, San Leandro Street, Melrose, Oakland, Alameda County, California, 94621, United States of America	geoloky
2020-09-30	FOF200930068113	49TH AV & SAN LEANDRO ST	37.767080044265	-122.21291994779	49th Ave & San Leandro St, Oakland, California, 94601	geoloky
2020-09-30	FOF200930068168	34TH ST & ELM ST	37.82220002628	-122.2652199223	34th St & Elm St, Oakland, California, 94609	geoloky
2020-10-01	FOF201001068221	955 7TH ST	37.803116773403	-122.2841061147	955, 7th Street, Old Oakland Historic District, Oakland, Alameda County, California, 94607, United States of America	geoloky
2020-10-02	FOF201002068663	66TH AV & SAN LEANDRO ST	37.756810033581	-122.20077993451	66th Ave & San Leandro St, Oakland, California, 94621	geoloky
2020-10-03	FOF201003068792	7TH ST & BRUSH ST	37.802290030663	-122.28131988192	7th St & Brush St, Oakland, California, 94607	geoloky
2020-10-04	FOF201004069125	16TH ST & WOOD ST	37.81464005253	-122.29674987602	16th St & Wood St, Oakland, California, 94607	geoloky
2020-10-04	FOF201004069209	47TH AV & SAN LEANDRO ST	37.768170026954	-122.21418988994	47th Ave & San Leandro St, Oakland, California, 94601	geoloky
2020-10-06	FOF201006069585	34TH ST & ELM ST	37.82220002628	-122.2652199223	34th St & Elm St, Oakland, California, 94609	geoloky
2020-10-07	FOF201007069644	84TH AV & INTERNATIONAL BLVD	37.754430034084	-122.17784989727	84th Ave & International Blvd, Oakland, California, 94621	geoloky
2020-10-07	FOF201007069746	553 34TH ST	37.822600229348	-122.26716041628	553, 34th Street, Pill Hill, Oakland, Alameda County, California, 94609, United States of America	geoloky
2020-10-07	FOF201007069810	7TH ST & BRUSH ST	37.802290030663	-122.28131988192	7th St & Brush St, Oakland, California, 94607	geoloky
2020-10-08	FOF201008069901	45TH ST & TELEGRAPH AV	37.833020057451	-122.26341990859	45th St & Telegraph Ave, Oakland, California, 94609	geoloky
2020-10-08	FOF201008069960	34TH ST & PERALTA ST	37.825940031477	-122.28225991236	34th St & Peralta St, Emeryville, California, 94608	geoloky
2020-10-08	FOF201008069973	E 11TH ST & 2ND AV	37.7959138	-122.2574874	East 11th Street, Civic Center, Oakland, Alameda County, California, 94606-3636, United States of America	geoloky
2020-10-09	FOF201009070092	45TH ST & MARTIN LUTHER KING JR WY	37.833570036028	-122.26744992764	45th St & Martin Luther King Jr Way, Oakland, California, 94609	geoloky
2020-10-09	FOF201009070178	900 FALLON ST	37.797243	-122.263706	900, Fallon Street, Civic Center, Oakland, Alameda County, California, 94607, United States of America	geoloky
2020-10-09	FOF201009070189	E 12TH ST & 22ND AV	37.78378	-122.23865		manual, openstreetmap
2020-10-09	FOF201009070228	6TH ST & WEBSTER ST	37.7972411	-122.2728657	Webster Street, Jack London Square, Oakland, Alameda County, California, 94607, United States of America	geoloky
2020-10-11	FOF201011070600	BROADWAY & EB I580	37.822390044025	-122.25991987729	Broadway & I-580 W, Oakland, California, 94611	geoloky
2020-10-11	FOF201011070650	GRAND AV & HARRISON ST	37.8108208	-122.2626986	Grand Avenue & Harrison Street, Grand Avenue, Financial District, Oakland, Alameda County, California, 94612, United States of America	geoloky
2020-10-11	FOF201011070651	GRAND AV & HARRISON ST	37.8108208	-122.2626986	Grand Avenue & Harrison Street, Grand Avenue, Financial District, Oakland, Alameda County, California, 94612, United States of America	geoloky
2020-10-13	FOF201013071112	34TH ST & PERALTA ST	37.825940031477	-122.28225991236	34th St & Peralta St, Emeryville, California, 94608	geoloky
2020-10-13	FOF201013071183	6TH ST & MARKET ST	37.797627833333	-122.28467795833	6, Market Street, Port Of Oakland Chester P. Howard Terminal, Oakland, Alameda County, California, 94607, United States of America	geoloky
2020-10-14	FOF201014071270	42ND AV & INTERNATIONAL BLVD	37.772960033162	-122.21613993971	42nd Ave & International Blvd, Oakland, California, 94601	geoloky
2020-10-14	FOF201014071286	34TH ST & ELM ST	37.82220002628	-122.2652199223	34th St & Elm St, Oakland, California, 94609	geoloky
2020-10-14	FOF201014071467	HOLLIS ST & W MACARTHUR BLVD	37.82755	-122.28465		manu]
2020-10-15	FOF201015071534	34TH ST & ANDOVER ST	37.821980043232	-122.26417989575	34th St & Andover St, Oakland, California, 94609	geoloky
2020-10-16	FOF201016071770	250 FRANK H OGAWA PLZ	37.806067000053	-122.27243900405	250 Frank H Ogawa Plz, Oakland, California, 94612	geoloky
2020-10-19	FOF201019072565	6TH ST & MARKET ST	37.797627833333	-122.28467795833	6, Market Street, Port Of Oakland Chester P. Howard Terminal, Oakland, Alameda County, California, 94607, United States of America	geoloky
2020-10-21	FOF201021073008	ADELINE ST & SB I880	37.80302005252	-122.28847995507	Adeline St & I-880 N, Oakland, California, 94607	geoloky
2020-10-21	FOF201021073046	32ND ST & WOOD ST	37.822820035658	-122.29024987774	32nd St & Wood St, Emeryville, California, 94608	geoloky
2020-10-21	FOF201021073203	23RD ST & MARTIN LUTHER KING JR WY	37.813260055991	-122.27254989663	23rd St & Martin Luther King Jr Way, Oakland, California, 94612	geoloky
2020-10-21	FOF201021073248	36TH ST & TELEGRAPH AV	37.824600058526	-122.26566994668	36th St & Telegraph Ave, Oakland, California, 94609	geoloky
2020-10-23	FOF201023073535	E 12TH ST & 5TH AV	37.795060052441	-122.25478990108	E 12th St & 5th Ave, Oakland, California, 94606	geoloky
2020-10-23	FOF201023073536	E 12TH ST & 16TH AV	37.7921407	-122.2514854	East 12th Street, San Antonio, Oakland, Alameda County, California, 94606-3636, United States of America	geoloky
2020-10-23	FOF201023073716	52ND ST & MARTIN LUTHER KING JR WY	37.837190054281	-122.26869992086	52nd St & Martin Luther King Jr Way, Oakland, California, 94609	geoloky
2020-10-25	FOF201025074070	14TH ST & CASTRO ST	37.806660061612	-122.27711987788	14th St & Castro St, Oakland, California, 94612	geoloky
2020-10-26	FOF201026074254	29TH ST & TELEGRAPH AV	37.81818	-122.26741		manual, openstreetmap
2020-10-27	FOF201027074636	1ST AV & LAKESHORE AV	37.799840042274	-122.25558995374	1st Ave & Lakeshore Ave, Oakland, California, 94606	geoloky
2020-10-27	FOF201027074644	6TH ST & JEFFERSON ST	37.796384166667	-122.280518125	6, Jefferson Street, Port Of Oakland Chester P. Howard Terminal, Oakland, Alameda County, California, 94607, United States of America	geoloky
2020-10-28	FOF201028074759	GRAND AV & HARRISON ST	37.8108208	-122.2626986	Grand Avenue & Harrison Street, Grand Avenue, Financial District, Oakland, Alameda County, California, 94612, United States of America	geoloky
2020-10-28	FOF201028074765	2301 EMBARCADERO	37.779186	-122.242721	2301, Embarcadero, Jingletown, Oakland, Alameda County, California, 94606, United States of America	geoloky
2020-10-29	FOF201029075137	W GRAND AV & MARTIN LUTHER KING JR WY	37.812480036082	-122.27277989605	W Grand Ave & Martin Luther King Jr Way, Oakland, California, 94612	geoloky
2020-10-31	FOF201031075458	1600 E 12TH ST	37.787486	-122.244808	1600, East 12th Street, San Antonio, Oakland, Alameda County, California, 94606, United States of America	geoloky
2020-10-31	FOF201031075502	16TH AV & INTERNATIONAL BLVD	37.7688033	-122.2073943	International Boulevard, Melrose, Oakland, Alameda County, California, 94601, United States of America	geoloky
2020-11-02	FOF201102076144	38TH ST & MANILA AV	37.826360048645	-122.25881992013	38th St & Manila Ave, Oakland, California, 94609	geoloky
2020-11-02	FOF201102076148	E 12TH ST & 19TH AV	37.7921407	-122.2514854	East 12th Street, San Antonio, Oakland, Alameda County, California, 94606-3636, United States of America	geoloky
2020-11-04	FOF201104076411	E 12TH ST & 19TH AV	37.7921407	-122.2514854	East 12th Street, San Antonio, Oakland, Alameda County, California, 94606-3636, United States of America	geoloky
2020-11-06	FOF201106076904	32ND ST & WOOD ST	37.822820035658	-122.29024987774	32nd St & Wood St, Emeryville, California, 94608	geoloky
2020-11-07	FOF201107077084	E 12TH ST & LAKE MERRITT BLVD	37.798270027991	-122.25820988522	E 12th St & Lake Merritt Blvd, Oakland, California, 94606	geoloky
2020-11-08	FOF201108077350	BROOKDALE AV & COURTLAND AV	37.78172004399	-122.20320993206	Brookdale Ave & Courtland Ave, Oakland, California, 94619	geoloky
2020-11-08	FOF201108077451	19TH AV & INTERNATIONAL BLVD	37.786450035771	-122.24100988463	19th Ave & International Blvd, Oakland, California, 94606	geoloky
2020-11-08	FOF201108077452	1200 LAKESHORE AV	37.79876205	-122.25821271275	Lakeshore Apartments, 1200, Lakeshore Avenue, Civic Center, Oakland, Alameda County, California, 94606, United States of America	geoloky
2020-11-09	FOF201109077543	34TH ST & ELM ST	37.82220002628	-122.2652199223	34th St & Elm St, Oakland, California, 94609	geoloky
2020-11-09	FOF201109077582	7TH ST & BRUSH ST	37.802290030663	-122.28131988192	7th St & Brush St, Oakland, California, 94607	geoloky
2020-11-09	FOF201109077584	7TH ST & BRUSH ST	37.802290030663	-122.28131988192	7th St & Brush St, Oakland, California, 94607	geoloky
2020-11-09	FOF201109077749	51ST AV & SAN LEANDRO ST	37.765820034671	-122.21144992961	51st Ave & San Leandro St, Oakland, California, 94601	geoloky
2020-11-10	FOF201110077844	E 12TH ST & 23RD AV	37.783610037427	-122.23870989039	E 12th St & 23rd Ave, Oakland, California, 94606	geoloky
2020-11-10	FOF201110077983	4701 SAN LEANDRO ST	37.767979	-122.214131	4701, San Leandro Street, Melrose, Oakland, Alameda County, California, 94601, United States of America	geoloky
2020-11-11	FOF201111078062	NORTHGATE AV & SYCAMORE ST	37.81542003053	-122.27023992793	Northgate Ave & Sycamore St, Oakland, California, 94612	geoloky
2020-11-11	FOF201111078101	GRAND AV & HARRISON ST	37.8108208	-122.2626986	Grand Avenue & Harrison Street, Grand Avenue, Financial District, Oakland, Alameda County, California, 94612, United States of America	geoloky
2020-11-11	FOF201111078139	7TH ST & BRUSH ST	37.802290030663	-122.28131988192	7th St & Brush St, Oakland, California, 94607	geoloky
2020-11-11	FOF201111078140	7TH ST & BRUSH ST	37.802290030663	-122.28131988192	7th St & Brush St, Oakland, California, 94607	geoloky
2020-11-11	FOF201111078202	E 12TH ST & 29TH AV	37.778050027684	-122.2302798751	E 12th St & 29th Ave, Oakland, California, 94601	geoloky
2020-11-12	FOF201112078441	E 12TH ST & 22ND AV	37.783740040745	-122.23862992704	E 12th St & 22nd Ave, Oakland, California, 94606	geoloky
2020-11-13	FOF201113078550	5TH ST & OAK ST	37.8033798	-122.2907312	5th Street, South Prescott, Oakland, Alameda County, California, 94607, United States of America	geoloky
2020-11-13	FOF201113078612	7TH ST & MARKET ST	37.8025967	-122.2824617	7th Street & Market Street, 7th Street, Old Oakland Historic District, Oakland, Alameda County, California, 94607, United States of America	geoloky
2020-11-13	FOF201113078614	1995 EMBARCADERO	37.783791437521	-122.24328254167	1995, Embarcadero, San Antonio, Oakland, Alameda County, California, 94606, United States of America	geoloky
2020-11-14	FOF201114078825	18TH ST & CASTRO ST	37.809300025836	-122.27550988192	18th St & Castro St, Oakland, California, 94612	geoloky
2020-11-14	FOF201114078876	6TH ST & FRANKLIN ST	37.794281166667	-122.27587570833	6, Franklin Street, Jack London Square, Oakland, Alameda County, California, 94607, United States of America	geoloky
2020-11-14	FOF201114078889	69TH AV & SAN LEANDRO ST	37.755150039566	-122.19888989916	69th Ave & San Leandro St, Oakland, California, 94621	geoloky
2020-11-16	FOF201116079261	1112 29TH AV	37.776446526927	-122.23195354616	1112, 29th Avenue, Jingletown, Oakland, Alameda County, California, 94601, United States of America	geoloky
2020-11-16	FOF201116079285	55 SANTA CLARA AV	37.820388122449	-122.25494030612	55, Santa Clara Avenue, Harrison/Oakland, Oakland, Alameda County, California, 94610, United States of America	geoloky
2020-11-17	FOF201117079426	601 WEBSTER ST	37.798025	-122.272283	601, Webster Street, Chinatown, Oakland, Alameda County, California, 94607, United States of America	geoloky
2020-11-17	FOF201117079526	40TH ST & MANILA AV	37.828060024338	-122.25783990801	40th St & Manila Ave, Oakland, California, 94609	geoloky
2020-11-17	FOF201117079577	37TH AV & E 9TH ST	37.77193002299	-122.22347988851	37th Ave & E 9th St, Oakland, California, 94601	geoloky
2020-11-17	FOF201117079608	E 12TH ST & 20TH AV	37.7921407	-122.2514854	East 12th Street, San Antonio, Oakland, Alameda County, California, 94606-3636, United States of America	geoloky
2020-11-17	FOF201117079648	7TH ST & BRUSH ST	37.802290030663	-122.28131988192	7th St & Brush St, Oakland, California, 94607	geoloky
2020-11-17	FOF201117079650	7TH ST & BRUSH ST	37.802290030663	-122.28131988192	7th St & Brush St, Oakland, California, 94607	geoloky
2020-11-19	FOF201119079894	ALAMEDA AV & FRUITVALE AV	37.7680722	-122.2210434	Alameda Avenue, Fruitvale, Oakland, Alameda County, California, 94601, United States of America	geoloky
2020-11-19	FOF201119079922	7200 SAN LEANDRO ST	37.7722695	-122.2205966	San Leandro Street, Fruitvale, Oakland, Alameda County, California, 94601, United States of America	geoloky
2020-11-19	FOF201119079926	34TH ST & WOOD ST	37.824570051313	-122.2906398877	34th St & Wood St, Emeryville, California, 94608	geoloky
2020-11-19	FOF201119080009	23RD ST & MARTIN LUTHER KING JR WY	37.813260055991	-122.27254989663	23rd St & Martin Luther King Jr Way, Oakland, California, 94612	geoloky
2020-11-19	FOF201119080021	GRAND AV & HARRISON ST	37.8108208	-122.2626986	Grand Avenue & Harrison Street, Grand Avenue, Financial District, Oakland, Alameda County, California, 94612, United States of America	geoloky
2020-11-19	FOF201119080097	E 12TH ST & 46TH AV	37.76993	-122.21339		manual, openstreetmap
2020-11-20	FOF201120080323	1900 E 12TH ST	37.7856814	-122.24129715468	American Emperor, 1900, East 12th Street, San Antonio, Oakland, Alameda County, California, 94606-3636, United States of America	geoloky
2020-11-21	FOF201121080365	5TH ST & MANDELA PKWY	37.803790056055	-122.29407990458	5th St & Mandela Pkwy, Oakland, California, 94607	geoloky
2020-11-21	FOF201121080476	34TH ST & SAN PABLO AV	37.825150037103	-122.27803987557	34th St & San Pablo Ave, Emeryville, California, 94608	geoloky
2020-11-23	FOF201123080949	1608 26TH ST	37.82093155102	-122.28942826531	1608, 26th Street, Hoover-Foster, Oakland, Alameda County, California, 94607, United States of America	geoloky
2020-11-23	FOF201123080974	7TH ST & BRUSH ST	37.802290030663	-122.28131988192	7th St & Brush St, Oakland, California, 94607	geoloky
2020-11-24	FOF201124080995	NB HIGH OFFRP ST & NB I880	37.768380035538	-122.22012989326	High St & I-880 N, Oakland, California, 94601	geoloky
2020-11-24	FOF201124081064	E 12TH ST & 23RD AV	37.783610037427	-122.23870989039	E 12th St & 23rd Ave, Oakland, California, 94606	geoloky
2020-11-24	FOF201124081235	E 12TH ST & 17TH AV	37.786880027404	-122.24388990656	E 12th St & 17th Ave, Oakland, California, 94606	geoloky
2020-11-24	FOF201124081236	BROADWAY & NB I880	37.798600023519	-122.27474989475	Broadway & I-880 N, Oakland, California, 94607	geoloky
2020-11-24	FOF201124081238	66TH AV & SAN LEANDRO ST	37.756810033581	-122.20077993451	66th Ave & San Leandro St, Oakland, California, 94621	geoloky
2020-11-25	FOF201125081324	54TH AV & SAN LEANDRO ST	37.7642800276	-122.20963994144	54th Ave & San Leandro St, Oakland, California, 94601	geoloky
2020-11-25	FOF201125081337	47TH AV & SAN LEANDRO ST	37.768170026954	-122.21418988994	47th Ave & San Leandro St, Oakland, California, 94601	geoloky
2020-11-25	FOF201125081407	22ND ST & BRUSH ST	37.812350032764	-122.27508994857	22nd St & Brush St, Oakland, California, 94612	geoloky
2020-11-25	FOF201125081420	HIGH ST & JENSEN ST	37.7673911	-122.2214367	Jensen Street, Fruitvale, Oakland, Alameda County, California, 94601, United States of America	geoloky
2020-11-26	FOF201126081583	HEGENBERGER OFFRP & SAN LEANDRO ST	37.752530024272	-122.19579991055	Hegenberger Rd & San Leandro St, Oakland, California, 94621	geoloky
2020-11-27	FOF201127081702	7TH ST & BRUSH ST	37.802290030663	-122.28131988192	7th St & Brush St, Oakland, California, 94607	geoloky
2020-11-27	FOF201127081741	6TH ST & BRUSH ST	37.8129958	-122.2746758	Brush Street, San Pablo Gateway, Oakland, Alameda County, California, 94612-2202, United States of America	geoloky
2020-11-27	FOF201127081871	23RD ST & HARRISON ST	37.811470058659	-122.26220989705	23rd St & Harrison St, Oakland, California, 94612	geoloky
2020-11-28	FOF201128081916	22ND ST & BRUSH ST	37.812350032764	-122.27508994857	22nd St & Brush St, Oakland, California, 94612	geoloky
2020-11-28	FOF201128081950	23RD ST & BRUSH ST	37.813330044883	-122.27442995751	23rd St & Brush St, Oakland, California, 94612	geoloky
2020-11-29	FOF201129082286	7TH ST & BROADWAY	37.799490055907	-122.2741898998	7th St & Broadway, Oakland, California, 94607	geoloky
2020-11-29	FOF201129082294	3800 MANILA AV	37.826445	-122.258667	3800, Manila Avenue, Broadway Auto Row, Oakland, Alameda County, California, 94609, United States of America	geoloky
2020-11-30	FOF201130082404	3601 TELEGRAPH AV	37.8372721	-122.2623213	Telegraph Avenue, Temescal, Oakland, Alameda County, California, 94609, United States of America	geoloky
2020-11-30	FOF201130082486	NORTHGATE AV & SYCAMORE ST	37.81542003053	-122.27023992793	Northgate Ave & Sycamore St, Oakland, California, 94612	geoloky
2020-11-30	FOF201130082554	34TH ST & BROADWAY	37.8220255	-122.261826	34th Street, Oak Glen Park, Oakland, Alameda County, California, 94609, United States of America	geoloky
2020-12-01	FOF201201082673	5TH ST & BROADWAY	37.798160057421	-122.2750399086	5th St & Broadway, Oakland, California, 94607	geoloky
2020-12-04	FOF201204083413	98TH AV & SAN LEANDRO ST	37.739180041356	-122.17975988154	98th Ave & San Leandro St, Oakland, California, 94603	geoloky
2020-12-04	FOF201204083425	34TH ST & ANDOVER ST	37.821980043232	-122.26417989575	34th St & Andover St, Oakland, California, 94609	geoloky
2020-12-05	FOF201205083637	24TH ST & NORTHGATE AV	37.813800060104	-122.27059993067	24th St & Northgate Ave, Oakland, California, 94612	geoloky
2020-12-05	FOF201205083668	7TH ST & BRUSH ST	37.802290030663	-122.28131988192	7th St & Brush St, Oakland, California, 94607	geoloky
2020-12-05	FOF201205083690	E 12TH ST & 29TH AV	37.778050027684	-122.2302798751	E 12th St & 29th Ave, Oakland, California, 94601	geoloky
2020-12-06	FOF201206083787	NORTHGATE AV & SYCAMORE ST	37.81542003053	-122.27023992793	Northgate Ave & Sycamore St, Oakland, California, 94612	geoloky
2020-12-06	FOF201206083806	NORTHGATE AV & SYCAMORE ST	37.81542003053	-122.27023992793	Northgate Ave & Sycamore St, Oakland, California, 94612	geoloky
2020-12-06	FOF201206083909	2103 SAN PABLO AV	37.811662959184	-122.27361361225	2103, San Pablo Avenue, San Pablo Gateway, Oakland, Alameda County, California, 94612, United States of America	geoloky
2020-12-07	FOF201207084132	3RD ST & CHESTER ST	37.802860041988	-122.29699990819	3rd St & Chester St, Oakland, California, 94607	geoloky
2020-12-07	FOF201207084145	W GRAND AV & MARITIME ST	37.822640034288	-122.30041989232	W Grand Ave & Maritime St, Oakland, California, 94607	geoloky
2020-12-08	FOF201208084325	2301 EMBARCADERO	37.779186	-122.242721	2301, Embarcadero, Jingletown, Oakland, Alameda County, California, 94606, United States of America	geoloky
2020-12-08	FOF201208084375	34TH ST & ANDOVER ST	37.821980043232	-122.26417989575	34th St & Andover St, Oakland, California, 94609	geoloky
2020-12-08	FOF201208084443	3400 TELEGRAPH AV	37.8227363	-122.26550250755	Walgreens, 3400, Telegraph Avenue, Mosswood, Oakland, Alameda County, California, 94609, United States of America	geoloky
2020-12-10	FOF201210084880	34TH ST & WOOD ST	37.824570051313	-122.2906398877	34th St & Wood St, Emeryville, California, 94608	geoloky
2020-12-11	FOF201211085091	55 SANTA CLARA AV	37.820388122449	-122.25494030612	55, Santa Clara Avenue, Harrison/Oakland, Oakland, Alameda County, California, 94610, United States of America	geoloky
2020-12-11	FOF201211085239	5TH AV & EMBARCADERO	37.790170050128	-122.26002993167	5th Ave & Embarcadero, Oakland, California, 94606	geoloky
2020-12-12	FOF201212085327	E 12TH ST & 19TH AV	37.7921407	-122.2514854	East 12th Street, San Antonio, Oakland, Alameda County, California, 94606-3636, United States of America	geoloky
2020-12-12	FOF201212085360	W GRAND AV & NB I880 CONN	37.819280022671	-122.29438995118	W Grand Ave & I-880 N, Oakland, California, 94607	geoloky
2020-12-12	FOF201212085391	6TH ST & WEBSTER ST	37.7972411	-122.2728657	Webster Street, Jack London Square, Oakland, Alameda County, California, 94607, United States of America	geoloky
2020-12-13	FOF201213085632	5TH ST & JACKSON ST	37.795790032389	-122.26908993082	5th St & Jackson St, Oakland, California, 94607	geoloky
2020-12-14	FOF201214085736	E 12TH ST & 29TH AV	37.778050027684	-122.2302798751	E 12th St & 29th Ave, Oakland, California, 94601	geoloky
2020-12-16	FOF201216086312	E 12TH ST & 14TH AV	37.7921407	-122.2514854	East 12th Street, San Antonio, Oakland, Alameda County, California, 94606-3636, United States of America	geoloky
2020-12-16	FOF201216086324	5TH ST & BROADWAY	37.798160057421	-122.2750399086	5th St & Broadway, Oakland, California, 94607	geoloky
2020-12-16	FOF201216086417	1006 JEFFERSON ST	37.803081724317	-122.27636218062	1006, Jefferson Street, Old Oakland Historic District, Oakland, Alameda County, California, 94607, United States of America	geoloky
2020-12-17	FOF201217086443	36TH ST & MARTIN LUTHER KING JR WY	37.825080048211	-122.26958991134	36th St & Martin Luther King Jr Way, Oakland, California, 94609	geoloky
2020-12-17	FOF201217086498	32ND ST & WOOD ST	37.822820035658	-122.29024987774	32nd St & Wood St, Emeryville, California, 94608	geoloky
2020-12-18	FOF201218086687	11TH ST & BRUSH ST	37.8052283	-122.2802435	11th Street & Brush Street, 11th Street, Old Oakland Historic District, Oakland, Alameda County, California, 94607, United States of America	geoloky
2020-12-18	FOF201218086810	5TH ST & MARKET ST	37.8011607	-122.2829743	5th Street & Market Street, 5th Street, Jack London Square, Oakland, Alameda County, California, 94607, United States of America	geoloky
2020-12-19	FOF201219086901	E 12TH ST & 16TH AV	37.7921407	-122.2514854	East 12th Street, San Antonio, Oakland, Alameda County, California, 94606-3636, United States of America	geoloky
2020-12-21	FOF201221087486	1101 EMBARCADERO WEST	37.798672417792	-122.28959139694	1101, Embarcadero West, United Intermodal Service West Oakland Yard, Oakland, Alameda County, California, 94607, United States of America	geoloky
2020-12-22	FOF201222087615	MARTIN LUTHER KING JR WY & SYCAMORE ST	37.815650029953	-122.27196995275	Martin Luther King Jr Way & Sycamore St, Oakland, California, 94612	geoloky
2020-12-22	FOF201222087773	W GRAND AV & WOOD ST	37.818710053255	-122.29348990242	W Grand Ave & Wood St, Oakland, California, 94607	geoloky
2020-12-23	FOF201223087844	414 HALE AV	37.732419853493	-122.18088786187	414, Hale Avenue, Brookfield Village, Oakland, Alameda County, California, 94603, United States of America	geoloky
2020-12-23	FOF201223088021	6TH ST & MARTIN LUTHER KING JR WY	37.800680034701	-122.27937989043	6th St & Martin Luther King Jr Way, Oakland, California, 94607	geoloky
2020-12-24	FOF201224088110	12TH ST & WB I980	37.805500048122	-122.27853993991	12th St & I-980 E, Oakland, California, 94607	geoloky
2020-12-24	FOF201224088205	600 HARRISON ST	37.797353	-122.270993	600, Harrison Street, Chinatown, Oakland, Alameda County, California, 94612, United States of America	geoloky
2020-12-25	FOF201225088387	E 16TH ST & FRUITVALE AV	37.7823976	-122.229922	East 16th Street, Fruitvale, Oakland, Alameda County, California, 94601, United States of America	geoloky
2020-12-26	FOF201226088498	5TH ST & FILBERT ST	37.801850022656	-122.28549993703	5th St & Filbert St, Oakland, California, 94607	geoloky
2020-12-26	FOF201226088526	3775 ALAMEDA AV	37.768059019121	-122.2248150418	3775, Alameda Avenue, Oakland, Alameda County, California, 94601, United States of America	geoloky
2020-12-27	FOF201227088787	7TH ST & CASTRO ST	37.801740052086	-122.27994994367	7th St & Castro St, Oakland, California, 94607	geoloky
2020-12-27	FOF201227088934	5920 SAN PABLO AV	37.8424963	-122.2833663	Style Cleaners, 5920, San Pablo Avenue, Golden Gate, Oakland, Alameda County, California, 94608, United States of America	geoloky
2020-12-27	FOF201227088950	ADAMS ST & MACARTHUR BLVD	37.816190034065	-122.25231992186	Adams St & MacArthur Blvd, Oakland, California, 94610	geoloky
2020-12-28	FOF201228089151	7TH ST & BRUSH ST	37.802290030663	-122.28131988192	7th St & Brush St, Oakland, California, 94607	geoloky
2020-12-29	FOF201229089280	E 12TH ST & 18TH AV	37.786290025239	-122.24283990555	E 12th St & 18th Ave, Oakland, California, 94606	geoloky
2020-12-29	FOF201229089430	5TH ST & WEBSTER ST	37.797130047249	-122.27267989995	5th St & Webster St, Oakland, California, 94607	geoloky
2020-12-29	FOF201229089459	6TH ST & WEBSTER ST	37.7972411	-122.2728657	Webster Street, Jack London Square, Oakland, Alameda County, California, 94607, United States of America	geoloky
2020-12-30	FOF201230089507	EMBARCADERO & OAK ST	37.7885758	-122.2528341	Embarcadero, San Antonio, Oakland, Alameda County, California, 94606-3636, United States of America	geoloky
2020-12-31	FOF201231089776	4TH ST & FALLON ST	37.793980044217	-122.26581989893	4th St & Fallon St, Oakland, California, 94607	geoloky
2020-12-31	FOF201231089948	66TH AV & SAN LEANDRO ST	37.756810033581	-122.20077993451	66th Ave & San Leandro St, Oakland, California, 94621	geoloky
2020-12-31	FOF201231089952	26TH ST & WOOD ST	37.82164	-122.29113		manual, openstreetmap
2020-12-31	FOF201231089961	4TH ST & FRANKLIN ST	37.8006532	-122.2836868	4th Street, Old Oakland Historic District, Oakland, Alameda County, California, 94607, United States of America	geoloky
